Actuals,Predictions
0.6142857,0.5472063
0.6357143,0.5638495
0.5107143,0.58009833
0.625,0.5613024
0.525,0.56960976
0.54285717,0.58416325
0.60714287,0.60233307
0.5392857,0.57800514
0.6357143,0.5827615
0.56785715,0.5675645
0.60714287,0.5588928
0.625,0.5808922
0.63928574,0.5665744
0.62142855,0.59196776
0.62857145,0.57824534
0.6857143,0.58794403
0.575,0.59594643
0.6142857,0.6062666
0.63214284,0.6075013
0.6142857,0.61139005
0.63214284,0.62222165
0.5964286,0.60023224
0.54642856,0.6139188
0.5964286,0.60591525
0.575,0.6154133
0.6142857,0.61621135
0.61785716,0.60612553
0.5964286,0.5873821
0.575,0.59439343
0.5607143,0.58835983
0.54642856,0.5932902
0.66071427,0.5966094
0.6464286,0.58532685
0.6464286,0.57636803
0.575,0.56940037
0.61785716,0.56348366
0.575,0.58970845
0.54642856,0.59898204
0.575,0.6034515
0.5964286,0.59271246
0.6464286,0.5968101
0.6357143,0.59076446
0.6,0.58442247
0.6142857,0.5790559
0.6142857,0.5816242
0.6357143,0.5894746
0.56785715,0.5978518
0.6535714,0.598823
0.70714283,0.59964067
0.61785716,0.5994244
0.6142857,0.6069395
0.55,0.5906757
0.6,0.61291707
0.575,0.6183113
0.63928574,0.6217231
0.5857143,0.6087448
0.5964286,0.59269965
0.5642857,0.5886381
0.7214286,0.5857493
0.6535714,0.59823525
0.55714285,0.5926253
0.63928574,0.5921644
0.55,0.58452195
0.5857143,0.61291325
0.67142856,0.61492634
0.6357143,0.60296255
0.5964286,0.60682577
0.61785716,0.5897664
0.5857143,0.58192194
0.625,0.6017299
0.63928574,0.60661644
0.61071426,0.5993989
0.62857145,0.5999797
0.575,0.5941117
0.5964286,0.6040376
0.575,0.60448885
0.61071426,0.60408723
0.5642857,0.6065917
0.58928573,0.5968854
0.5857143,0.59475166
0.55714285,0.5820063
0.5321429,0.58328027
0.54642856,0.5736758
0.58928573,0.58589387
0.575,0.57952565
0.56785715,0.5668791
0.4892857,0.55245495
0.55,0.5457438
0.5214286,0.5562311
0.5107143,0.5588664
0.45,0.55393046
0.51785713,0.5288194
0.5321429,0.5216707
0.54285717,0.51497227
0.5,0.5072846
0.46785715,0.4931689
0.49285713,0.50112736
0.47142857,0.5005523
0.48214287,0.50218505
0.44285715,0.4836204
0.5,0.47038376
0.46785715,0.46294504
0.4,0.4488634
0.39642859,0.44127727
0.37142858,0.4215892
0.42142856,0.42181474
0.34285715,0.4163866
0.43214285,0.40520543
0.3857143,0.3858449
0.41785714,0.36761415
0.37142858,0.3640129
0.36785713,0.34289712
0.37857142,0.35058606
0.36785713,0.3483987
0.34642857,0.34558445
0.3642857,0.3383223
0.43928573,0.32905465
0.38214287,0.324044
0.3857143,0.32609966
0.37142858,0.32305723
0.31785715,0.32046866
0.39642859,0.3338049
0.30357143,0.33448207
0.34642857,0.32838756
0.3857143,0.3208943
0.3857143,0.31880575
0.33571428,0.32449502
0.38214287,0.31066698
0.33571428,0.3027085
0.34285715,0.3016559
0.34285715,0.31435293
0.40357143,0.31639665
0.35714287,0.32426423
0.375,0.32445246
0.32857144,0.31355628
0.31785715,0.3137278
0.35714287,0.31325436
0.34285715,0.310674
0.35714287,0.31490105
0.35714287,0.31294698
0.30357143,0.2959234
0.34642857,0.29884464
0.30714285,0.29459316
0.34642857,0.30539826
0.30714285,0.29701614
0.3,0.29089963
0.29642856,0.2850391
0.30714285,0.278139
0.28214285,0.26993507
0.2857143,0.2630627
0.2607143,0.25947234
0.25714287,0.2605641
0.34285715,0.2543935
0.3,0.24757779
0.26785713,0.24941562
0.28928572,0.24758859
0.24285714,0.24296384
0.30357143,0.23545434
0.325,0.23919049
0.25,0.24064271
0.2857143,0.24848008
0.27142859,0.25280863
0.27142859,0.2532645
0.27857143,0.25537205
0.24285714,0.24659374
0.24285714,0.24470481
0.24285714,0.2418517
0.18214285,0.24315092
0.16785714,0.24141604
0.16785714,0.23700574
0.16785714,0.23113337
0.21428572,0.22451392
0.24285714,0.22261834
0.23214285,0.2102067
0.24285714,0.20126608
0.23214285,0.1957161
0.22142857,0.19681823
0.21785714,0.1964902
0.21428572,0.19874477
0.2,0.20124643
0.21428572,0.20485294
0.19285715,0.2067891
0.20714286,0.20735994
0.23214285,0.20549682
0.20357142,0.20785308
0.18928571,0.20432948
0.20357142,0.20275864
0.18928571,0.20160791
0.22142857,0.20078054
0.18214285,0.20245215
0.21428572,0.20305453
0.21428572,0.2020881
0.19285715,0.20397773
0.20714286,0.20119467
0.21428572,0.20029184
0.2,0.19965413
0.18928571,0.19645351
0.20714286,0.1966178
0.20357142,0.19536664
0.19285715,0.19397277
0.18214285,0.19369766
0.18214285,0.1951951
0.20714286,0.19426009
0.18214285,0.19400814
0.21428572,0.19379061
0.21785714,0.19406512
0.17857143,0.19393377
0.19285715,0.19373387
0.21071428,0.19485715
0.19642857,0.1934183
0.20357142,0.19256943
0.17857143,0.19472417
0.19285715,0.19325316
0.18928571,0.18974714
0.19642857,0.19002238
0.19285715,0.19207211
0.20357142,0.19544306
0.21428572,0.19737363
0.20357142,0.1982502
0.20357142,0.19705406
0.20714286,0.19757509
0.20357142,0.19800776
0.2,0.1983149
0.21428572,0.2012611
0.20357142,0.20159121
0.20714286,0.20150918
0.22857143,0.20026803
0.20714286,0.20272014
0.23214285,0.20422049
0.22142857,0.20846242
0.23214285,0.21085133
0.23214285,0.21071722
0.22142857,0.21580103
0.21785714,0.21658425
0.21428572,0.22080812
0.18928571,0.22348979
0.23214285,0.22292784
0.21428572,0.22089681
0.22857143,0.22354496
0.23214285,0.22870156
0.2607143,0.2397419
0.2607143,0.246924
0.27142859,0.25201672
0.25357142,0.25476798
0.21428572,0.25772557
0.24285714,0.2622968
0.2857143,0.26491016
0.27142859,0.26878753
0.27142859,0.26396525
0.27142859,0.26089883
0.27857143,0.25529748
0.28928572,0.26295054
0.27142859,0.27262157
0.27857143,0.28331816
0.2857143,0.29501936
0.28214285,0.3028437
0.30714285,0.31601274
0.30714285,0.32411185
0.34642857,0.3276663
0.31428573,0.3202513
0.31428573,0.31405318
0.3607143,0.30031717
0.36785713,0.29508317
0.3392857,0.3028654
0.44285715,0.31536305
0.3857143,0.33108604
0.375,0.34899127
0.3857143,0.3560356
0.3392857,0.36567146
0.33214286,0.4002251
0.34285715,0.40576398
0.375,0.40996337
0.3607143,0.40504742
0.3857143,0.38801593
0.40714285,0.377442
0.39285713,0.374578
0.42142856,0.38343388
0.45,0.38442636
0.4892857,0.38772416
0.41785714,0.39551592
0.5,0.40082186
0.4857143,0.4196576
0.3857143,0.43758482
0.46071428,0.4535554
0.4892857,0.4416862
0.42142856,0.44091982
0.5,0.44557858
0.525,0.44195253
0.43214285,0.46017933
0.5107143,0.46964532
0.5214286,0.45746112
0.47857141,0.4741766
0.54285717,0.4935584
0.5107143,0.49555492
0.51785713,0.5033469
0.55,0.5106795
0.48214287,0.49428588
0.525,0.5033895
0.51428574,0.4987933
0.50357145,0.5089853
0.54642856,0.51809454
0.5857143,0.5035625
0.5321429,0.5071986
0.5107143,0.5146566
0.5714286,0.50304025
0.4857143,0.5321963
0.53571427,0.549765
0.60714287,0.54081213
0.5,0.5259238
0.525,0.53882766
0.5714286,0.52255046
0.575,0.53071254
0.60714287,0.55430824
0.65,0.5391832
0.6357143,0.53133357
0.6142857,0.5443251
0.5642857,0.5516986
0.525,0.5672608
0.6,0.5822958
0.61071426,0.5959204
0.5857143,0.59251696
0.63928574,0.5815446
0.66071427,0.56150836
0.6357143,0.5855707
0.5607143,0.58993447
0.6571429,0.58927816
0.66071427,0.59797996
0.62142855,0.6060508
0.575,0.6047889
0.75,0.5955763
0.63928574,0.60556394
0.5714286,0.61648995
0.63214284,0.61108804
0.5714286,0.59786385
0.6535714,0.62833524
0.5714286,0.6301878
0.5714286,0.61127067
0.5642857,0.6116384
0.87142855,0.6025075
0.86071426,0.605477
0.85,0.5969268
0.85,0.5849353
0.85,0.58402693
0.86071426,0.649692
0.86071426,0.6448786
0.87142855,0.6515884
0.86071426,0.65467304
0.87142855,0.65586793
0.875,0.66226363
0.87142855,0.6602564
0.86785716,0.66749805
0.86071426,0.65888125
0.85,0.6643508
0.85,0.66629547
0.85,0.6625652
0.85,0.66194034
0.86071426,0.66019297
0.86071426,0.6561271
0.85,0.6566126
0.85,0.65739506
0.85,0.65993804
0.85,0.6620203
0.8464286,0.6599983
0.8357143,0.65679985
0.82857144,0.6564752
0.82857144,0.6590013
0.8357143,0.65855074
0.8464286,0.65278184
0.8357143,0.65288824
0.82857144,0.6488062
0.81785715,0.6502013
0.8142857,0.65445554
0.8107143,0.6551306
0.8035714,0.6539634
0.8,0.64696586
0.7892857,0.6463818
0.7785714,0.644727
0.76785713,0.64437425
0.78571427,0.64038265
0.7785714,0.6407649
0.7785714,0.6356266
0.7785714,0.6301224
0.76428574,0.63063526
0.75357145,0.6386935
0.74285716,0.6305374
0.73571426,0.63495135
0.7285714,0.6311936
0.7214286,0.62662363
0.70357144,0.62279105
0.6964286,0.6175498
0.70357144,0.61333483
0.70357144,0.6099562
0.6892857,0.6097473
0.6785714,0.59911656
0.67142856,0.5984355
0.67142856,0.60400677
0.66071427,0.6028378
0.66071427,0.59479684
0.6535714,0.5926021
0.6535714,0.5904505
0.6464286,0.5914401
0.63928574,0.5864764
0.6464286,0.58689576
0.6464286,0.58163214
0.6357143,0.5844367
0.62857145,0.58009815
0.61785716,0.5758813
0.6142857,0.57696337
0.6,0.5800605
0.5964286,0.5759463
0.57857144,0.5719974
0.5714286,0.5676079
0.5642857,0.56397176
0.5642857,0.5571484
0.5642857,0.55552775
0.5535714,0.54622984
0.54285717,0.5388552
0.5321429,0.5285045
0.5214286,0.5311236
0.51428574,0.53179336
0.50357145,0.5266976
0.49642858,0.52202487
0.47142857,0.5115395
0.47142857,0.49967915
0.44642857,0.4927925
0.44642857,0.48209596
0.43571427,0.47086298
0.42857143,0.45097512
0.41428572,0.44340152
0.3892857,0.42424166
0.3892857,0.41635072
0.3642857,0.40198857
0.35714287,0.39427054
0.3392857,0.37393212
0.32857144,0.35155344
0.30714285,0.3402332
0.29285714,0.3200187
0.2857143,0.30725628
0.28214285,0.2919102
0.27142859,0.28171384
0.25714287,0.26437977
0.24285714,0.25124842
0.22857143,0.24466507
0.225,0.24159488
0.21428572,0.23882207
0.20357142,0.232733
0.18928571,0.2250949
0.17857143,0.21472141
0.16428572,0.21104074
0.16428572,0.20718661
0.15714286,0.20496444
0.14642857,0.20450754
0.13928571,0.20218223
0.125,0.20042732
0.11785714,0.20022458
0.10714286,0.1999802
0.10714286,0.19879399
0.09642857,0.19826591
0.09642857,0.19487384
0.092857145,0.19236206
0.08214286,0.19049338
0.07857143,0.19010511
0.075,0.18989848
0.071428575,0.19030112
0.071428575,0.19087307
0.067857146,0.19170435
0.06428572,0.19258848
0.06428572,0.1929095
0.060714286,0.19326065
0.060714286,0.1937271
0.060714286,0.19384366
0.057142857,0.19336876
0.05357143,0.19304354
0.05357143,0.19279161
0.05357143,0.19320431
0.05357143,0.19358043
0.05357143,0.19370681
0.05,0.19385211
0.05,0.19392434
0.05357143,0.1939258
0.05357143,0.19395709
0.05,0.19413562
0.05,0.19376397
0.05,0.19366324
0.05,0.19397512
0.05,0.1941251
0.05,0.19383916
0.05357143,0.19369528
0.057142857,0.19358799
0.060714286,0.1932386
0.06428572,0.19297718
0.067857146,0.19290072
0.075,0.19338295
0.07857143,0.19427766
0.08214286,0.19523202
0.08214286,0.19621655
0.08214286,0.19715923
0.08214286,0.19820675
0.092857145,0.19900474
0.10714286,0.19990653
0.10714286,0.20005655
0.12142857,0.19948772
0.13214286,0.19931713
0.15,0.1993852
0.16428572,0.2017974
0.18214285,0.2056988
0.2,0.21076263
0.2,0.216732
0.2,0.22539243
0.21428572,0.23516557
0.24285714,0.24335533
0.25714287,0.24890488
0.28928572,0.24731247
0.31071427,0.24507044
0.33214286,0.24638245
0.3642857,0.26376307
0.3892857,0.28277868
0.40714285,0.3135994
0.41428572,0.33790335
0.41428572,0.35617542
0.40714285,0.375981
0.42857143,0.40256065
0.46071428,0.41644657
0.49642858,0.41982585
0.525,0.41449267
0.55,0.40248203
0.575,0.41388607
0.6035714,0.44283694
0.63928574,0.47384202
0.66071427,0.50966483
0.66071427,0.53311807
0.65,0.5554347
0.6464286,0.57331705
0.66071427,0.5922026
0.70357144,0.6020782
0.73571426,0.6005282
0.76785713,0.59652984
0.7785714,0.59322983
0.79285717,0.60247856
0.8214286,0.6168168
0.8464286,0.6301275
0.86071426,0.6408464
0.85,0.6406853
0.8357143,0.6442248
0.8035714,0.654948
0.79285717,0.6589682
0.8,0.6628076
0.8035714,0.65808326
0.8107143,0.6516229
0.8,0.63933873
0.7892857,0.6399568
0.79285717,0.64288026
0.8035714,0.6435717
0.8035714,0.64540315
0.79642856,0.63989305
0.76785713,0.6377095
0.75357145,0.6403462
0.74285716,0.6449816
0.75357145,0.64206976
0.75357145,0.63991445
0.76428574,0.6292176
0.76785713,0.6223005
0.76785713,0.61963975
0.7785714,0.62582225
0.7785714,0.6274792
0.78571427,0.6301421
0.78571427,0.63145894
0.76785713,0.6300441
0.75357145,0.63695717
0.75357145,0.6355529
0.75357145,0.63733906
0.76785713,0.6369667
0.7785714,0.62755835
0.76785713,0.6242999
0.7785714,0.6230748
0.7785714,0.6253694
0.79285717,0.632284
0.7892857,0.6323675
0.79285717,0.63077074
0.76785713,0.63381445
0.76428574,0.63520426
0.76428574,0.6401599
0.7785714,0.6375588
0.7785714,0.64034647
0.78571427,0.6280376
0.78571427,0.62868613
0.78571427,0.6274799
0.79285717,0.63427013
0.8035714,0.63527876
0.80714285,0.6368013
0.5321429,0.6357751
0.5857143,0.63652396
0.5607143,0.6394019
0.525,0.6437352
0.5214286,0.64474297
0.5607143,0.57850474
0.5392857,0.5866067
0.5857143,0.5698295
0.5214286,0.56136006
0.60714287,0.55757797
0.61785716,0.55270386
0.63928574,0.54436356
0.56785715,0.55172837
0.58214283,0.5380663
0.54642856,0.57017535
0.575,0.58223784
0.54642856,0.59814906
0.5857143,0.58345985
0.60714287,0.5739102
0.56785715,0.5673534
0.575,0.5781168
0.54642856,0.57651407
0.60714287,0.5854169
0.58214283,0.585054
0.5928571,0.58311516
0.525,0.57027173
0.5964286,0.57753056
0.62142855,0.5914514
0.5964286,0.58369195
0.6464286,0.5899495
0.5964286,0.56527394
0.625,0.5734923
0.6464286,0.59744316
0.61071426,0.6065053
0.70357144,0.612281
0.6535714,0.6067435
0.58214283,0.6048599
0.61071426,0.61540955
0.7107143,0.61843014
0.6035714,0.6348342
0.62142855,0.6330672
0.5928571,0.61273193
0.5964286,0.60707873
0.62857145,0.61183065
0.7107143,0.6156005
0.6464286,0.61983293
0.5964286,0.607503
0.56785715,0.60642415
0.5714286,0.60087335
0.5642857,0.61852664
0.5107143,0.6227609
0.65,0.6204074
0.6571429,0.6029043
0.61071426,0.5924296
0.61071426,0.5721447
0.5535714,0.55821466
0.575,0.5889321
0.5964286,0.60423744
0.6035714,0.60313976
0.6,0.5933087
0.63928574,0.5750813
0.63214284,0.5681904
0.5964286,0.58743834
0.63214284,0.5950171
0.625,0.59309745
0.61785716,0.5985823
0.575,0.59789354
0.55714285,0.58990103
0.58214283,0.60324425
0.55,0.6121249
0.54285717,0.6095072
0.57857144,0.60290533
0.51428574,0.57898724
0.5535714,0.58545
0.5,0.57614934
0.49642858,0.5586445
0.51785713,0.56069106
0.55,0.5400056
0.4857143,0.5367984
0.49285713,0.5075765
0.51428574,0.50318724
0.46071428,0.51138145
0.5214286,0.50954264
0.49285713,0.4900778
0.5107143,0.47969723
0.46071428,0.47727126
0.43214285,0.45685148
0.43928573,0.46851486
0.42142856,0.45070416
0.43214285,0.46398968
0.37142858,0.43067652
0.45,0.41434407
0.41785714,0.39983392
0.40357143,0.38796127
0.40714285,0.38664776
0.39642859,0.36311892
0.37142858,0.35956082
0.39642859,0.3544407
0.37857142,0.34401545
0.35714287,0.3468307
0.39642859,0.3381767
0.33571428,0.3244754
0.3892857,0.31946748
0.34285715,0.31063735
0.35714287,0.30203748
0.35714287,0.31445202
0.34642857,0.31008404
0.35714287,0.31490117
0.32857144,0.3063885
0.33571428,0.2929305
0.3857143,0.28879595
0.31785715,0.28624192
0.31071427,0.2861691
0.3857143,0.28978243
0.32142857,0.29317868
0.36785713,0.3008053
0.34642857,0.30103052
0.32142857,0.30273706
0.34642857,0.31591576
0.3607143,0.30587083
0.31785715,0.3063054
0.29285714,0.2970354
0.30714285,0.29449075
0.27142859,0.2902277
0.3,0.29218167
0.29642856,0.28512144
0.30714285,0.27650505
0.2857143,0.27066648
0.29285714,0.26954812
0.27142859,0.2732422
0.2607143,0.26831102
0.22142857,0.2688876
0.25714287,0.26002297
0.2607143,0.260323
0.24285714,0.2531808
0.23214285,0.2524098
0.21785714,0.24823856
0.28214285,0.23834895
0.25357142,0.22541463
0.27857143,0.2193998
0.25357142,0.22207066
0.29285714,0.22724259
0.23214285,0.22771451
0.21428572,0.22214994
0.22142857,0.22177416
0.25357142,0.21710521
0.29285714,0.22044055
0.27142859,0.22416767
0.20714286,0.22662777
0.20714286,0.22278067
0.24285714,0.21671504
0.225,0.21233308
0.23928571,0.20978746
0.2,0.21187967
0.18928571,0.21350929
0.21428572,0.20963243
0.2,0.20688331
0.20714286,0.1979468
0.18214285,0.19573414
0.19285715,0.19685343
0.20357142,0.1937542
0.20357142,0.19708863
0.20714286,0.19652045
0.20357142,0.19527179
0.19642857,0.19291352
0.21428572,0.19246572
0.21428572,0.19253239
0.225,0.19144341
0.20714286,0.19367194
0.19642857,0.19260198
0.19285715,0.19182417
0.19285715,0.19166866
0.17857143,0.19111896
0.20357142,0.19284478
0.18928571,0.19381945
0.19285715,0.19353788
0.17857143,0.1942783
0.18928571,0.19582923
0.18928571,0.19385746
0.19285715,0.19343716
0.17857143,0.19233233
0.19285715,0.192894
0.20714286,0.19404115
0.18928571,0.19307053
0.18928571,0.19500276
0.17857143,0.19626525
0.21428572,0.19426142
0.19285715,0.1906472
0.21428572,0.1914819
0.19285715,0.19117832
0.2,0.19406524
0.2,0.19479941
0.20357142,0.19534564
0.19285715,0.1964409
0.21785714,0.19706959
0.20357142,0.20345947
0.23928571,0.2068884
0.23214285,0.2092784
0.24285714,0.20992947
0.24285714,0.20606084
0.21785714,0.20717177
0.24285714,0.20672894
0.27142859,0.21128055
0.25,0.21899787
0.2642857,0.22725192
0.25357142,0.23799548
0.27142859,0.24498156
0.27857143,0.25817037
0.30714285,0.26568598
0.28214285,0.27088875
0.34285715,0.27108747
0.35,0.27041423
0.31428573,0.27776486
0.31071427,0.29440677
0.37142858,0.3103899
0.38214287,0.33437693
0.35,0.35049772
0.35714287,0.36293092
0.35714287,0.3728638
0.375,0.3922273
0.43214285,0.39705253
0.44285715,0.3932972
0.48214287,0.37766424
0.39285713,0.3648656
0.475,0.36660242
0.49285713,0.40313452
0.525,0.43517345
0.53571427,0.4762224
0.575,0.47282434
0.5107143,0.5217172
0.53571427,0.5221014
0.54642856,0.56993955
0.6142857,0.564333
0.5607143,0.5789137
0.6892857,0.5462528
0.6035714,0.54421186
0.5928571,0.5477203
0.65,0.5910244
0.73214287,0.6056693
0.5642857,0.6206495
0.67142856,0.615023
0.65,0.6175548
0.5535714,0.62499166
0.625,0.6489525
0.55,0.63998616
0.61785716,0.6281525
0.55714285,0.6093743
0.575,0.5830728
0.61785716,0.59274095
0.6535714,0.5697098
0.575,0.5835647
0.55714285,0.5759153
0.5857143,0.55884105
0.5607143,0.56363463
0.475,0.58543164
0.56785715,0.5748186
0.55714285,0.5704549
0.6,0.5677642
0.5857143,0.55675966
0.5607143,0.50827235
0.53571427,0.52532345
0.525,0.54071546
0.56785715,0.5590195
0.6642857,0.56408757
0.5214286,0.55145323
0.5,0.54712915
0.54285717,0.5395125
0.5321429,0.5496743
0.5535714,0.5892004
0.5857143,0.56172115
0.5107143,0.5393396
0.5321429,0.5239104
0.625,0.52451175
0.5607143,0.5392407
0.5964286,0.5557781
0.58928573,0.5444636
0.5857143,0.5436795
0.5714286,0.5578204
0.6571429,0.5642096
0.55,0.57039225
0.625,0.5880654
0.5857143,0.5840527
0.58214283,0.56792164
0.5321429,0.58464456
0.5321429,0.57870907
0.575,0.602308
0.61785716,0.599356
0.49642858,0.59557617
0.49642858,0.5848025
0.76785713,0.57825476
0.76428574,0.5815012
0.76785713,0.6004983
0.79285717,0.5575651
0.8,0.5533224
0.8035714,0.61656266
0.7892857,0.61371535
0.79285717,0.62468934
0.61071426,0.64041466
0.55714285,0.6404875
0.5392857,0.6445268
0.5642857,0.63597876
0.6571429,0.64240503
0.54285717,0.5965795
0.61071426,0.60503536
0.575,0.5786665
0.5107143,0.57253873
0.54285717,0.5810879
0.5535714,0.5618447
0.5714286,0.57105964
0.575,0.5831359
0.60714287,0.56615865
0.575,0.57301736
0.5642857,0.5630537
0.6357143,0.57409734
0.50714284,0.5778924
0.58928573,0.5986349
0.6464286,0.5903852
0.625,0.58204
0.6357143,0.5801959
0.5857143,0.5609155
0.58928573,0.5781273
0.6464286,0.60415363
0.6142857,0.6184349
0.6357143,0.61381435
0.7178571,0.606506
0.675,0.6019539
0.6642857,0.62349725
0.75,0.6197172
0.6035714,0.62091523
0.63928574,0.62810344
0.68214285,0.62964106
0.5928571,0.62652475
0.65,0.6447918
0.625,0.63861597
0.625,0.62358236
0.75,0.6256638
0.5857143,0.613851
0.5857143,0.616974
0.5964286,0.62039596
0.5857143,0.62603503
0.55714285,0.64415
0.53571427,0.6166658
0.49285713,0.6043569
0.49642858,0.5948368
0.56785715,0.5918678
0.64285713,0.5932171
0.55,0.5840369
0.44642857,0.5655771
0.5321429,0.53809524
0.63928574,0.55651313
0.66071427,0.58161885
0.54285717,0.5776247
0.55,0.5454983
0.5535714,0.54191947
0.54285717,0.5596264
0.45714286,0.58111805
0.45357144,0.5767362
0.46071428,0.580388
0.46071428,0.5747237
0.4892857,0.56246793
0.5107143,0.52805036
0.5,0.51539695
0.48214287,0.50971806
0.49285713,0.5005918
0.5214286,0.49639815
0.5214286,0.49112588
0.4892857,0.4827369
0.53571427,0.47647953
0.5321429,0.47804052
0.5107143,0.4877556
0.50714284,0.49271166
0.49285713,0.47808152
0.48214287,0.4849419
0.55714285,0.4746639
0.47142857,0.48051977
0.42142856,0.47591966
0.45,0.46115524
0.48214287,0.45874792
0.50357145,0.46997005
0.39285713,0.44383013
0.3857143,0.4224233
0.48214287,0.42309594
0.42857143,0.4227876
0.45,0.42354536
0.43214285,0.39804274
0.46071428,0.3718591
0.4892857,0.3817218
0.37857142,0.3774889
0.3892857,0.37577525
0.41785714,0.37923443
0.41785714,0.37201568
0.34642857,0.3858981
0.3642857,0.36481264
0.325,0.37365705
0.31071427,0.37033278
0.3607143,0.37708163
0.36785713,0.3536023
0.35,0.3327034
0.34285715,0.3156106
0.35714287,0.3055122
0.40714285,0.29032737
0.39642859,0.27920187
0.32857144,0.28256282
0.32142857,0.2867185
0.34642857,0.29127467
0.36785713,0.3115925
0.31785715,0.32592112
0.29285714,0.32321584
0.32142857,0.31879288
0.27142859,0.3068177
0.30714285,0.30113447
0.32857144,0.29141706
0.34285715,0.2818358
0.29285714,0.275313
0.27142859,0.26883966
0.29285714,0.25635374
0.32857144,0.26502374
0.2857143,0.27610576
0.27857143,0.28061283
0.31785715,0.2804355
0.20357142,0.27168643
0.27142859,0.2655387
0.2607143,0.25914577
0.2857143,0.25507098
0.24285714,0.25806558
0.25357142,0.25588375
0.23214285,0.2476095
0.27142859,0.23701245
0.25,0.23289527
0.29285714,0.23313043
0.25357142,0.23276259
0.27142859,0.23907982
0.23214285,0.2319942
0.27142859,0.22340472
0.29642856,0.22692662
0.24285714,0.2221729
0.25357142,0.22537547
0.21428572,0.22392076
0.2607143,0.22318181
0.22142857,0.2220847
0.21785714,0.21959388
0.22142857,0.21501276
0.19285715,0.21384513
0.24285714,0.20835039
0.22857143,0.20277344
0.23214285,0.19731224
0.18214285,0.19376862
0.19285715,0.19400361
0.19285715,0.1930991
0.18928571,0.1962015
0.20357142,0.19601542
0.18214285,0.19856775
0.23928571,0.19759902
0.18928571,0.19812274
0.22857143,0.19887581
0.20714286,0.19463919
0.18928571,0.1936625
0.20714286,0.19092773
0.20357142,0.1912891
0.22857143,0.18974921
0.19285715,0.19159602
0.21428572,0.1934449
0.18928571,0.19506599
0.17857143,0.1928765
0.20357142,0.19034585
0.2,0.19252598
0.16785714,0.19268304
0.21428572,0.19471905
0.20714286,0.19657072
0.18928571,0.19564101
0.19285715,0.19518495
0.19285715,0.1980291
0.20714286,0.19321714
0.225,0.19111818
0.22857143,0.19288895
0.2,0.19281572
0.19285715,0.19213042
0.20714286,0.19158216
0.18928571,0.19058107
0.19642857,0.19090784
0.19642857,0.19538987
0.22142857,0.20002893
0.19285715,0.2037157
0.20714286,0.20955032
0.20714286,0.21054614
0.24285714,0.21061662
0.22142857,0.20603278
0.2607143,0.20527545
0.21428572,0.20408353
0.225,0.20911308
0.24285714,0.21352658
0.28214285,0.22222298
0.27142859,0.23190911
0.29285714,0.23842292
0.27857143,0.24889308
0.29642856,0.25924215
0.3,0.2713818
0.27142859,0.27801013
0.36785713,0.28494573
0.30357143,0.28770265
0.30714285,0.29697734
0.35714287,0.31089115
0.38214287,0.32794467
0.35714287,0.35295865
0.34642857,0.35613102
0.42142856,0.3624773
0.35714287,0.37714648
0.38214287,0.39301008
0.43214285,0.40181464
0.40357143,0.3933649
0.475,0.39832783
0.41785714,0.3834899
0.4892857,0.378865
0.49642858,0.40839702
0.47857141,0.4332348
0.54642856,0.4781556
0.5857143,0.4812706
0.47142857,0.50751877
0.5107143,0.5296183
0.525,0.5476692
0.5321429,0.5607707
0.53571427,0.57150626
0.5857143,0.53713083
0.6464286,0.526914
0.61071426,0.5398752
0.66071427,0.56365204
0.61071426,0.56719565
0.6142857,0.58879596
0.57857144,0.60264707
0.5607143,0.6123951
0.5964286,0.62325186
0.6357143,0.61980146
0.60714287,0.61657065
0.5642857,0.6054295
0.625,0.5796086
0.6142857,0.5747285
0.5964286,0.58167464
0.625,0.58877414
0.62142855,0.5797422
0.5964286,0.58806705
0.7,0.5841256
0.5964286,0.57693714
0.51428574,0.58657014
0.5857143,0.5959146
0.55,0.58844
0.625,0.60911614
0.5964286,0.5864794
0.76785713,0.5553495
0.625,0.5623948
0.5392857,0.5541235
0.525,0.57860935
0.475,0.57522494
0.55,0.6305477
0.525,0.6044662
0.6,0.5988319
0.53571427,0.5828615
0.53571427,0.562754
0.5214286,0.5639079
0.47142857,0.5352814
0.41785714,0.5494559
0.425,0.5397176
0.46071428,0.53802747
0.44642857,0.5268086
0.5214286,0.5078387
0.40357143,0.48040497
0.425,0.4787863
0.43214285,0.4776631
0.41785714,0.47335726
0.48214287,0.48616117
0.46071428,0.45523393
0.3857143,0.4336949
0.42857143,0.41419977
0.49285713,0.4140417
0.38214287,0.42351502
0.50357145,0.4253186
0.4107143,0.42074978
0.46785715,0.42671776
0.41428572,0.43594772
0.43928573,0.42146915
0.6035714,0.4502809
0.7178571,0.44229668
0.5214286,0.43919343
0.48214287,0.4185987
0.5642857,0.43091494
0.525,0.48242325
0.61785716,0.5641048
0.6464286,0.54230654
0.5964286,0.5224292
0.63214284,0.5323868
0.6142857,0.52446556
0.60714287,0.56892353
0.49285713,0.5900105
0.5607143,0.5927315
0.5714286,0.5982118
0.5107143,0.59158725
0.67142856,0.5885074
0.54285717,0.5674542
0.6464286,0.5790607
0.63928574,0.5832015
0.6857143,0.563734
0.5535714,0.5951734
0.58214283,0.5723829
0.55,0.5998087
0.525,0.60577273
0.51428574,0.61741835
0.60714287,0.59230876
0.60714287,0.5835872
0.7107143,0.58479166
0.7107143,0.57046765
0.6357143,0.5786511
0.65,0.5971451
0.6785714,0.59741676
0.6857143,0.6215122
0.5964286,0.63807786
0.6035714,0.6305689
0.7178571,0.6346997
0.6535714,0.63026434
0.63928574,0.6333943
0.61785716,0.6143122
0.5321429,0.6031
0.57857144,0.62909925
0.60714287,0.63554096
0.54642856,0.6289601
0.62142855,0.6168619
0.47142857,0.6002393
0.54285717,0.5902383
0.575,0.60189736
0.54642856,0.5920599
0.47142857,0.60010463
0.50714284,0.5636586
0.475,0.5469783
0.5,0.5539733
0.51428574,0.56205815
0.48214287,0.54665595
0.54642856,0.5489031
0.5321429,0.52708125
0.43214285,0.5201802
0.49642858,0.52120095
0.45,0.53177303
0.5392857,0.552972
0.57857144,0.5463976
0.43571427,0.518678
0.51785713,0.51186067
0.44642857,0.50785625
0.46071428,0.53409487
0.48214287,0.5540698
0.44642857,0.5367704
0.44285715,0.53626
0.53571427,0.516042
0.525,0.5042991
0.49285713,0.5062763
0.53571427,0.4993556
0.51785713,0.49749327
0.5964286,0.5026833
0.5535714,0.50031966
0.5214286,0.48898453
0.5928571,0.5046372
0.54642856,0.5110725
0.49285713,0.53151184
0.54285717,0.5288532
0.525,0.51746887
0.48214287,0.5347894
0.54285717,0.52665097
0.5,0.51756513
0.51428574,0.51579124
0.44285715,0.5086412
0.43928573,0.48706377
0.48214287,0.49478066
0.47142857,0.47947872
0.4857143,0.481207
0.425,0.45561212
0.40714285,0.44448048
0.425,0.42454886
0.43571427,0.40992886
0.41785714,0.40828592
0.4,0.38904625
0.42142856,0.3785523
0.48214287,0.37585637
0.40714285,0.36469758
0.375,0.35451627
0.42142856,0.3521428
0.4107143,0.3596692
0.3857143,0.3827842
0.41785714,0.36810982
0.38214287,0.35482478
0.39642859,0.35764062
0.34642857,0.3493612
0.31785715,0.34466863
0.35714287,0.34753627
0.375,0.33972383
0.31785715,0.3392815
0.3642857,0.32925835
0.39642859,0.3172897
0.35714287,0.32420874
0.28214285,0.3231364
0.29285714,0.30745015
0.30714285,0.29823127
0.35714287,0.2966839
0.33571428,0.29327112
0.31785715,0.28562272
0.29285714,0.27738655
0.30714285,0.26498866
0.30357143,0.26299527
0.30714285,0.2550738
0.27857143,0.26510417
0.27857143,0.2729498
0.34285715,0.27488583
0.30714285,0.27256554
0.28214285,0.27153948
0.28214285,0.26427066
0.25,0.25518835
0.25714287,0.2528927
0.22857143,0.2547928
0.23214285,0.25541854
0.2642857,0.25124902
0.27142859,0.24187647
0.27142859,0.23902985
0.2642857,0.23887122
0.24285714,0.23505744
0.24285714,0.23126765
0.27142859,0.22260192
0.25357142,0.22039235
0.25357142,0.22373025
0.24285714,0.22581142
0.23214285,0.2282106
0.24285714,0.2274336
0.24285714,0.22076899
0.21428572,0.21611124
0.21428572,0.21313728
0.21785714,0.21559215
0.20357142,0.21181525
0.20357142,0.21147913
0.20357142,0.20652407
0.18214285,0.2007638
0.20714286,0.1972145
0.19285715,0.1979153
0.22142857,0.19901063
0.18214285,0.19603953
0.18928571,0.19624278
0.23214285,0.19222519
0.23214285,0.19200315
0.20714286,0.19225752
0.23928571,0.19642714
0.20357142,0.19669725
0.20357142,0.1918231
0.2,0.191921
0.20714286,0.1935732
0.18928571,0.19296747
0.18928571,0.1953941
0.19642857,0.19606511
0.18928571,0.1962336
0.19285715,0.19415934
0.19285715,0.19501677
0.18214285,0.19550478
0.18928571,0.1942957
0.21785714,0.19452181
0.19642857,0.1940368
0.17857143,0.19491574
0.18214285,0.19253662
0.2,0.19497834
0.21071428,0.19236791
0.18928571,0.1952207
0.21785714,0.19491698
0.20357142,0.19444618
0.2,0.19442256
0.2,0.19115223
0.20357142,0.19294901
0.20357142,0.19422834
0.20714286,0.19601068
0.19642857,0.19959292
0.21785714,0.20419444
0.22142857,0.209182
0.20714286,0.20960097
0.23214285,0.20942816
0.20357142,0.21092165
0.24285714,0.20688665
0.21785714,0.20597455
0.23214285,0.21076423
0.25357142,0.21732977
0.25714287,0.227267
0.27857143,0.23209983
0.25357142,0.24069715
0.3,0.25040907
0.28214285,0.26385546
0.32857144,0.2725136
0.3392857,0.28225312
0.34642857,0.28077748
0.32857144,0.2844423
0.30357143,0.29152316
0.37142858,0.3100275
0.35714287,0.333705
0.37142858,0.35138863
0.4,0.3672461
0.375,0.37529248
0.375,0.38892978
0.40714285,0.39956707
0.37857142,0.40667135
0.42857143,0.41642296
0.45,0.39700097
0.47142857,0.3852026
0.50714284,0.38997877
0.45,0.40656084
0.48214287,0.43744254
0.5321429,0.47109896
0.5214286,0.48840874
0.47142857,0.5238231
0.53571427,0.5173922
0.525,0.5393336
0.5214286,0.5628633
0.60714287,0.5481031
0.56785715,0.52518654
0.5857143,0.51741743
0.60714287,0.5300933
0.6642857,0.549424
0.6357143,0.5774152
0.66785717,0.58495325
0.6464286,0.5885212
0.575,0.5994003
0.57857144,0.6228448
0.5642857,0.62676615
0.625,0.6276824
0.57857144,0.61843324
0.5607143,0.6003725
0.5607143,0.5809407
0.6357143,0.57196903
0.60714287,0.5859504
0.525,0.5878861
0.575,0.5722192
0.6571429,0.5606036
0.5964286,0.5662135
0.5857143,0.5740721
0.58928573,0.5655509
0.525,0.5660614
0.5857143,0.5807359
0.5857143,0.57261807
0.5714286,0.5629024
0.6142857,0.5631345
0.60714287,0.5563621
0.63928574,0.5625014
0.6785714,0.5673612
0.6357143,0.5669346
0.575,0.5751275
0.5107143,0.58676463
0.5964286,0.5978726
0.65,0.6170894
0.5321429,0.6099308
0.6464286,0.5945692
0.6892857,0.5637194
0.8107143,0.57653856
0.8107143,0.5938655
0.82857144,0.5809594
0.82857144,0.5954406
0.81785715,0.6107729
0.8,0.6487685
0.79285717,0.63831306
0.5857143,0.6533194
0.6357143,0.6504384
0.725,0.6471621
0.75,0.63989747
0.6464286,0.639467
0.75,0.5901376
0.71428573,0.61090726
0.7107143,0.6286976
0.675,0.64460266
0.73214287,0.63320035
0.675,0.6427387
0.73571426,0.64633137
0.58214283,0.6508969
0.7285714,0.64396334
0.625,0.6546109
0.7892857,0.64004886
0.7392857,0.6463233
0.76785713,0.6367514
0.7607143,0.64956814
0.6964286,0.636066
0.725,0.64004725
0.74642855,0.6537339
0.66071427,0.649936
0.5964286,0.66020536
0.6535714,0.6516595
0.575,0.6554101
0.5607143,0.65891933
0.5857143,0.6435183
0.63928574,0.62771165
0.5535714,0.62716585
0.625,0.62537473
0.7107143,0.60736054
0.6464286,0.6020341
0.5607143,0.6080812
0.5964286,0.58884984
0.60714287,0.60522
0.60714287,0.62363017
0.76428574,0.6233898
0.67142856,0.5983509
0.6,0.60050493
0.6535714,0.5924714
0.6964286,0.6003554
0.62857145,0.64774233
0.61071426,0.6458548
0.675,0.62784636
0.66071427,0.6279235
0.55714285,0.6382613
0.5857143,0.6414743
0.5857143,0.6305941
0.6357143,0.63801986
0.625,0.6298427
0.54642856,0.5998626
0.5928571,0.5961952
0.5642857,0.5857666
0.61071426,0.6086318
0.5928571,0.6098741
0.5642857,0.594038
0.60714287,0.58850753
0.5928571,0.5846015
0.5392857,0.59120345
0.5964286,0.5902923
0.55714285,0.5858306
0.5857143,0.58661824
0.56785715,0.5821647
0.5607143,0.56371105
0.62857145,0.5765324
0.60714287,0.5777164
0.6964286,0.5829044
0.66785717,0.57632244
0.62142855,0.56887484
0.62142855,0.5770509
0.49285713,0.5942057
0.6571429,0.6207661
0.6464286,0.62002534
0.6,0.6140751
0.65,0.6077356
0.5642857,0.57390875
0.5857143,0.5989406
0.5964286,0.61859465
0.5321429,0.61151195
0.5392857,0.62071043
0.5607143,0.60291785
0.5607143,0.59110254
0.5214286,0.5887299
0.5,0.56996876
0.575,0.5660882
0.5857143,0.5599979
0.55714285,0.5500341
0.54642856,0.53141904
0.53571427,0.5183785
0.5607143,0.5418208
0.5607143,0.55080205
0.5535714,0.54814243
0.6,0.53971386
0.6035714,0.5298212
0.54642856,0.53659385
0.5214286,0.5382563
0.5535714,0.5366087
0.54285717,0.5462201
0.5107143,0.54977757
0.475,0.53939605
0.55,0.521771
0.47142857,0.530456
0.50714284,0.52538085
0.46071428,0.5132001
0.49285713,0.4911244
0.47142857,0.48600698
0.39285713,0.47673315
0.39642859,0.48617893
0.44285715,0.44852513
0.43214285,0.4371462
0.46071428,0.42626005
0.4107143,0.39569598
0.3857143,0.3752532
0.34642857,0.38935924
0.42142856,0.38503253
0.39642859,0.38079846
0.39642859,0.36574268
0.37857142,0.35233712
0.4107143,0.33811367
0.43571427,0.33384663
0.34642857,0.33832303
0.29285714,0.33381534
0.3892857,0.32818127
0.375,0.3320727
0.35714287,0.34716445
0.35714287,0.33888882
0.35714287,0.3374635
0.35357141,0.32869565
0.36785713,0.3181809
0.34285715,0.30633116
0.2607143,0.29933858
0.34642857,0.29643738
0.325,0.2891839
0.31428573,0.2899805
0.27857143,0.28011018
0.33571428,0.272177
0.29285714,0.26956475
0.2607143,0.27324528
0.30714285,0.27836955
0.28214285,0.27431977
0.27142859,0.2695554
0.24285714,0.25925
0.28214285,0.25518125
0.28214285,0.25055113
0.25357142,0.25285232
0.24642856,0.24319762
0.28214285,0.24162298
0.25357142,0.23809597
0.27142859,0.2402215
0.30714285,0.24225971
0.25357142,0.2409463
0.22142857,0.23848763
0.25714287,0.23322996
0.23214285,0.2323606
0.28214285,0.23728351
0.23928571,0.23421344
0.24285714,0.23497626
0.21785714,0.23370576
0.25357142,0.22950456
0.22142857,0.2172707
0.21428572,0.2137186
0.21428572,0.21269578
0.23214285,0.216064
0.20714286,0.21604496
0.20714286,0.21431178
0.22142857,0.21065414
0.20714286,0.20372868
0.22142857,0.1976569
0.225,0.19492336
0.20357142,0.19760181
0.20714286,0.1973347
0.19642857,0.1966466
0.19285715,0.19514976
0.22142857,0.19689043
0.22142857,0.1969392
0.21428572,0.19610023
0.22142857,0.19712394
0.20357142,0.19840527
0.21428572,0.19677639
0.18214285,0.19577162
0.17857143,0.19718623
0.19285715,0.19637641
0.19642857,0.1952376
0.2,0.19473198
0.18214285,0.19728291
0.20357142,0.19627967
0.17857143,0.19571528
0.18928571,0.19469309
0.19642857,0.19190195
0.20714286,0.19345312
0.2,0.19565833
0.19642857,0.1984975
0.19642857,0.19909135
0.20714286,0.19688612
0.20357142,0.19607534
0.21071428,0.19399564
0.21428572,0.19241661
0.20714286,0.19225858
0.19285715,0.19255859
0.22142857,0.19558853
0.21428572,0.19792457
0.23214285,0.20081656
0.20357142,0.20338365
0.2,0.20832229
0.20714286,0.20868403
0.25357142,0.21154793
0.24285714,0.21049967
0.2642857,0.20749398
0.20714286,0.20963588
0.23214285,0.21263605
0.2607143,0.21473947
0.30714285,0.22184575
0.27857143,0.22953488
0.24285714,0.24179864
0.25714287,0.25198448
0.2607143,0.26280743
0.31428573,0.27765417
0.28928572,0.284389
0.30714285,0.2857355
0.29642856,0.28318107
0.32857144,0.29116568
0.3392857,0.3041494
0.3857143,0.31785393
0.31785715,0.33004814
0.35714287,0.33952266
0.3857143,0.35147804
0.34642857,0.36639157
0.3392857,0.387559
0.3857143,0.38558054
0.40714285,0.38614112
0.39285713,0.37912732
0.42142856,0.36412278
0.42857143,0.36458868
0.43571427,0.3846063
0.47142857,0.41327018
0.50714284,0.42802793
0.5107143,0.44772774
0.5107143,0.46079433
0.5,0.47360277
0.5214286,0.4950297
0.5,0.51668006
0.5214286,0.5087398
0.5857143,0.50404453
0.58928573,0.48599213
0.60714287,0.5090799
0.57857144,0.5237864
0.5964286,0.55308074
0.61071426,0.56628174
0.6,0.586964
0.5857143,0.59715116
0.60714287,0.6051884
0.525,0.61487544
0.5714286,0.6166854
0.5214286,0.60517967
0.62142855,0.5855563
0.5107143,0.57899314
0.60714287,0.56353647
0.55714285,0.56803775
0.575,0.5569932
0.6357143,0.56927025
0.54642856,0.5484489
0.55,0.5545669
0.54642856,0.5550067
0.5714286,0.5643587
0.55,0.58057237
0.5607143,0.5590158
0.575,0.5293054
0.57857144,0.531394
0.6142857,0.5459377
0.58214283,0.54206055
0.6464286,0.555413
0.6,0.56320614
0.61071426,0.56930417
0.58928573,0.578084
0.5392857,0.5832886
0.56785715,0.6004068
0.53571427,0.60175866
0.5857143,0.59899074
0.58214283,0.5871178
0.5321429,0.5652648
0.61071426,0.56954837
0.625,0.56842685
0.66071427,0.57839847
0.65,0.5793356
0.60714287,0.5620965
0.53571427,0.58167404
0.58928573,0.58801836
0.58928573,0.6098634
0.5107143,0.6152281
0.55,0.607108
0.60714287,0.58217835
0.6035714,0.5817134
0.5607143,0.5878564
0.625,0.57437223
0.625,0.57624096
0.60714287,0.5864974
0.5321429,0.5897688
0.60714287,0.58079463
0.525,0.59422797
0.625,0.5991962
0.6892857,0.60369736
0.6571429,0.58029854
0.6642857,0.5867857
0.66785717,0.5612247
0.6,0.5916514
0.71428573,0.6094308
0.6964286,0.6207882
0.6,0.62231874
0.62142855,0.6225129
0.65,0.61403567
0.61785716,0.63607395
0.6464286,0.6433025
0.675,0.6296031
0.6142857,0.624377
0.675,0.6205215
0.625,0.6142247
0.6857143,0.6163068
0.675,0.63041985
0.67142856,0.62257826
0.64285713,0.6329894
0.575,0.6178006
0.6964286,0.62836206
0.5714286,0.63655466
0.625,0.6376347
0.7392857,0.63689864
0.63928574,0.6144696
0.7107143,0.63365835
0.5857143,0.6084519
0.7,0.6226959
0.6535714,0.6429398
0.6464286,0.6376811
0.55714285,0.64257467
0.65,0.62200767
0.6035714,0.6365383
0.53571427,0.63497996
0.5857143,0.63242185
0.6357143,0.6114286
0.61071426,0.62110865
0.5964286,0.60162044
0.5857143,0.588147
0.58214283,0.5861102
0.50357145,0.60458094
0.60714287,0.60019714
0.60714287,0.5980667
0.5964286,0.5855174
0.5642857,0.58943665
0.66785717,0.5717401
0.5857143,0.58793104
0.5857143,0.5951411
0.54642856,0.5877989
0.54642856,0.57716024
0.60714287,0.59697884
0.5642857,0.5902406
0.61785716,0.59149253
0.55714285,0.57817113
0.55,0.57520777
0.5857143,0.57754576
0.61071426,0.57366866
0.60714287,0.59440273
0.6142857,0.5741924
0.575,0.57250303
0.61071426,0.57129985
0.5857143,0.5818873
0.575,0.5830862
0.575,0.60047036
0.675,0.5955781
0.55714285,0.60041636
0.56785715,0.5920563
0.55714285,0.5808479
0.5607143,0.57801926
0.55714285,0.60104096
0.54642856,0.5768444
0.53571427,0.57395446
0.63928574,0.56205744
0.5214286,0.5555974
0.5964286,0.55350554
0.5535714,0.54684
0.54285717,0.5481416
0.575,0.56782204
0.5107143,0.5490131
0.6,0.5550201
0.54285717,0.5497632
0.51785713,0.5419857
0.5107143,0.5467348
0.51785713,0.5342178
0.5714286,0.54244506
0.5642857,0.5327274
0.54642856,0.51635784
0.53571427,0.5092773
0.5214286,0.5064699
0.53571427,0.5182626
0.5107143,0.52789533
0.47857141,0.5171141
0.49642858,0.51425356
0.43571427,0.50160444
0.44642857,0.50040907
0.42857143,0.48230755
0.45357144,0.473078
0.47142857,0.4565754
0.40714285,0.42990232
0.43571427,0.41436613
0.50714284,0.40384662
0.44285715,0.4108237
0.48214287,0.4222713
0.42142856,0.39863265
0.4,0.3922748
0.4857143,0.4088289
0.41785714,0.40376943
0.44642857,0.40676367
0.44285715,0.39437753
0.37142858,0.38358665
0.3857143,0.39249098
0.37857142,0.38779962
0.37857142,0.40441102
0.42857143,0.4040336
0.37857142,0.39119798
0.4,0.37446392
0.32857144,0.3568905
0.34642857,0.3415285
0.3607143,0.34698114
0.34285715,0.34123242
0.32857144,0.33274668
0.41785714,0.3187589
0.3642857,0.30390167
0.35714287,0.30428082
0.39642859,0.3063686
0.38214287,0.30380002
0.37142858,0.31195763
0.29285714,0.30481935
0.31071427,0.30014983
0.29285714,0.3124236
0.34642857,0.3214601
0.32857144,0.31644428
0.27142859,0.3062523
0.375,0.29430246
0.31785715,0.28079766
0.29642856,0.26930588
0.27142859,0.27154112
0.29285714,0.2635681
0.24285714,0.2748244
0.25357142,0.27421093
0.27857143,0.2763278
0.3,0.27984244
0.27142859,0.27305812
0.27857143,0.26278913
0.3,0.250993
0.23214285,0.23981148
0.24285714,0.23001507
0.24285714,0.22633794
0.25357142,0.23480734
0.23214285,0.24219623
0.26785713,0.23963058
0.24285714,0.236602
0.23214285,0.22685003
0.22142857,0.21692473
0.24285714,0.21219611
0.23214285,0.2078684
0.23214285,0.20904909
0.24285714,0.20983134
0.22857143,0.21203452
0.20714286,0.21374044
0.20714286,0.21226913
0.225,0.20882261
0.20714286,0.20739761
0.225,0.20509154
0.21428572,0.20887841
0.17857143,0.20983487
0.22142857,0.20739634
0.18928571,0.2071361
0.21428572,0.20529592
0.19285715,0.20140159
0.18928571,0.20286596
0.21428572,0.20209849
0.21785714,0.20541602
0.21785714,0.20281701
0.19285715,0.20137551
0.20357142,0.20206243
0.2,0.19781183
0.20357142,0.19596353
0.21428572,0.19706926
0.20714286,0.19757174
0.20714286,0.19604287
0.23214285,0.19724517
0.20714286,0.19513716
0.2,0.19373253
0.20357142,0.19362482
0.2,0.19478649
0.19285715,0.19564934
0.19285715,0.19581044
0.20357142,0.1993956
0.18928571,0.20035288
0.19285715,0.20044331
0.20357142,0.20059553
0.17857143,0.20016167
0.21428572,0.19732897
0.20714286,0.1968233
0.20714286,0.1961318
0.20714286,0.19506957
0.22142857,0.1999169
0.21428572,0.20043805
0.23214285,0.2044797
0.2,0.20777553
0.20357142,0.2101906
0.20714286,0.21401152
0.22142857,0.21902826
0.24642856,0.21847759
0.24285714,0.22012025
0.24285714,0.22142139
0.2642857,0.22111905
0.24285714,0.22386654
0.25357142,0.22897545
0.25357142,0.23645931
0.25357142,0.24591751
0.2642857,0.2527629
0.25,0.26093984
0.25357142,0.27129698
0.25357142,0.2741036
0.2642857,0.27247167
0.2857143,0.26279813
0.30357143,0.25389996
0.27857143,0.25247228
0.28928572,0.26436937
0.31071427,0.2782512
0.325,0.29617286
0.32857144,0.31227326
0.30357143,0.32140574
0.32857144,0.3301578
0.30714285,0.34029847
0.31785715,0.344961
0.32142857,0.33814663
0.37142858,0.3266165
0.34642857,0.31835294
0.40357143,0.31500435
0.42142856,0.32315207
0.44285715,0.34120035
0.42142856,0.35801354
0.42142856,0.36438262
0.40714285,0.38170695
0.37857142,0.40494472
0.41428572,0.43854177
0.41785714,0.45616972
0.43214285,0.46208584
0.39642859,0.440116
0.49285713,0.41217542
0.50357145,0.40654045
0.4642857,0.4120108
0.53571427,0.42402214
0.475,0.4301386
0.49642858,0.45623487
0.49285713,0.47371912
0.51785713,0.4895882
0.5,0.51939183
0.47142857,0.52259237
0.5107143,0.513249
0.5107143,0.49515164
0.49642858,0.494134
0.55714285,0.49196458
0.525,0.4992212
0.5107143,0.52063763
0.5214286,0.52579343
0.525,0.52466035
0.6,0.5459035
0.5857143,0.5500745
0.5857143,0.5497188
0.6035714,0.55775905
0.5857143,0.5461296
0.625,0.5574997
0.5964286,0.5552771
0.61785716,0.56300896
0.6035714,0.5804536
0.58214283,0.5794862
0.6035714,0.6005679
0.6535714,0.59936565
0.61071426,0.59691954
0.60714287,0.60329264
0.5857143,0.6048712
0.66071427,0.6114346
0.66071427,0.61514896
0.6571429,0.60405135
0.6785714,0.60461164
0.61071426,0.5937128
0.6892857,0.61637104
0.65,0.61478883
0.5928571,0.6240563
0.6535714,0.62303424
0.6857143,0.62109697
0.6464286,0.6267676
0.65,0.6330298
0.6964286,0.61980706
0.62857145,0.61806506
0.6535714,0.6280881
0.6857143,0.6176355
0.6142857,0.6306253
0.6142857,0.6248202
0.65,0.62993294
0.68214285,0.6231409
0.62857145,0.6315089
0.6571429,0.6183959
0.60714287,0.6190599
0.53571427,0.62291837
0.65,0.6297964
0.5321429,0.62733346
0.66071427,0.6142425
0.63928574,0.60948366
0.625,0.5874179
0.6964286,0.6031688
0.63928574,0.5841378
0.625,0.5967055
0.68214285,0.6044024
0.6357143,0.60285
0.63928574,0.619635
0.5964286,0.6197282
0.58214283,0.6160051
0.5857143,0.62134486
0.6642857,0.61165684
0.625,0.61433744
0.61785716,0.6045506
0.63928574,0.6034071
0.675,0.59982634
0.55,0.6065505
0.66071427,0.60807353
0.54642856,0.6049984
0.61785716,0.6097237
0.6535714,0.6176531
0.6464286,0.598852
0.5928571,0.60790044
0.6,0.58719516
0.55,0.5951034
0.575,0.6046268
0.625,0.60967255
0.63928574,0.6068722
0.58928573,0.5984938
0.525,0.58814955
0.62142855,0.5816181
0.625,0.5873731
0.6535714,0.6065464
0.575,0.5960158
0.6857143,0.5736404
0.6535714,0.58044845
0.6142857,0.5882651
0.5607143,0.6023384
0.625,0.5948446
0.5964286,0.61674875
0.6571429,0.61153704
0.60714287,0.614554
0.5857143,0.59124166
0.5857143,0.6065606
0.575,0.60008395
0.6,0.6126362
0.55,0.60241103
0.5857143,0.59361976
0.5857143,0.58907247
0.5642857,0.57775104
0.5214286,0.59176636
0.61785716,0.5750472
0.5857143,0.5765128
0.50714284,0.577607
0.525,0.5677625
0.625,0.55010027
0.5857143,0.5670975
0.55,0.56593114
0.5857143,0.54353976
0.5321429,0.52681905
0.44642857,0.5543809
0.5,0.55686516
0.5214286,0.5507911
0.58928573,0.5548967
0.47142857,0.54136986
0.5214286,0.5134621
0.54642856,0.49237674
0.44642857,0.4931181
0.4857143,0.51791227
0.45,0.49055922
0.5321429,0.48485196
0.46071428,0.48920792
0.48214287,0.45078552
0.4857143,0.4480434
0.49642858,0.4481368
0.43928573,0.45592743
0.41785714,0.44506645
0.42142856,0.43527633
0.44642857,0.42676103
0.42142856,0.43739426
0.45,0.4231798
0.44285715,0.40846318
0.42142856,0.3985114
0.40714285,0.39905745
0.40357143,0.39144993
0.47142857,0.39498574
0.41785714,0.4005764
0.42142856,0.39378333
0.45714286,0.3827221
0.39285713,0.38047248
0.42857143,0.385781
0.43571427,0.38513952
0.35714287,0.38385615
0.42142856,0.39346915
0.41785714,0.37378561
0.36785713,0.37468016
0.34642857,0.37901586
0.40714285,0.3691067
0.39642859,0.37897065
0.37142858,0.38007617
0.39642859,0.37057215
0.36785713,0.35182607
0.3857143,0.35690856
0.3607143,0.34566087
0.45,0.33973026
0.375,0.34141856
0.39642859,0.3322538
0.375,0.32690912
0.35714287,0.3217477
0.3642857,0.34097582
0.28928572,0.3440584
0.32857144,0.34492493
0.30714285,0.34215227
0.30714285,0.32903874
0.32857144,0.31693095
0.31785715,0.3005893
0.31785715,0.29172617
0.2857143,0.28587914
0.34642857,0.26977247
0.33571428,0.25542617
0.31785715,0.25749323
0.30714285,0.254157
0.30714285,0.25795853
0.2642857,0.26498753
0.25357142,0.265818
0.27142859,0.2670216
0.30714285,0.27026963
0.29285714,0.2751047
0.28214285,0.2740985
0.28214285,0.26639596
0.28214285,0.25608307
0.23214285,0.24527618
0.25714287,0.23828624
0.23214285,0.23628539
0.23928571,0.2407893
0.25,0.24171138
0.25714287,0.24381652
0.21428572,0.2398758
0.2607143,0.2356699
0.18928571,0.21853128
0.21428572,0.20299079
0.23214285,0.19665113
0.25714287,0.19464462
0.18214285,0.20011184
0.21428572,0.21199177
0.21428572,0.21721429
0.25357142,0.21560717
0.22142857,0.21128313
0.19642857,0.20853524
0.2,0.20360038
0.19642857,0.20139953
0.21428572,0.19800156
0.21785714,0.20149887
0.19285715,0.20598808
0.20714286,0.20668162
0.22142857,0.20656407
0.20714286,0.20377314
0.19642857,0.20383406
0.19285715,0.20084554
0.18928571,0.20027727
0.20357142,0.19560803
0.20357142,0.19743639
0.17857143,0.19948703
0.18928571,0.20121157
0.18928571,0.19959547
0.18928571,0.19667272
0.18214285,0.19386435
0.19285715,0.1940238
0.20357142,0.19458945
0.18214285,0.19398455
0.20357142,0.19420207
0.17857143,0.19476236
0.16785714,0.1921067
0.19642857,0.18982244
0.16785714,0.19212884
0.18214285,0.19361359
0.19642857,0.19616991
0.21428572,0.19440801
0.19642857,0.19181693
0.20357142,0.19335908
0.17857143,0.19156289
0.19285715,0.18984962
0.19642857,0.18976922
0.19642857,0.19223173
0.19285715,0.19397816
0.19285715,0.197406
0.19285715,0.1972211
0.19285715,0.19696285
0.19285715,0.19978067
0.19642857,0.20191672
0.18928571,0.20173389
0.19642857,0.20209742
0.23214285,0.19986993
0.22142857,0.19892277
0.23214285,0.20122163
0.21428572,0.20402694
0.23214285,0.20814252
0.21428572,0.20697686
0.20357142,0.20819867
0.23214285,0.21198644
0.21428572,0.21960084
0.24285714,0.22357586
0.20714286,0.22658107
0.20714286,0.2276713
0.23214285,0.2224381
0.23214285,0.22087234
0.24285714,0.22286159
0.29285714,0.23649497
0.2642857,0.24526247
0.24285714,0.2530492
0.27142859,0.25435472
0.21785714,0.2590664
0.25,0.26803255
0.27142859,0.26882517
0.25357142,0.274142
0.2642857,0.26990533
0.27857143,0.26451552
0.28214285,0.25460425
0.31785715,0.2609779
0.31428573,0.27070087
0.34285715,0.27947378
0.36785713,0.28858912
0.30714285,0.29966113
0.31428573,0.31675404
0.31785715,0.3273387
0.37142858,0.33986467
0.29642856,0.34795794
0.30714285,0.34271166
0.32857144,0.33751655
0.31428573,0.3312814
0.34285715,0.33807495
0.425,0.3374676
0.37857142,0.3451301
0.39642859,0.35117927
0.4107143,0.3469693
0.36785713,0.35329884
0.3857143,0.38250953
0.35714287,0.38771236
0.4107143,0.39813787
0.4107143,0.4007187
0.44285715,0.38826996
0.4107143,0.3902924
0.43571427,0.39161807
0.46071428,0.41281956
0.5107143,0.4212023
0.45,0.43290514
0.49642858,0.4381538
0.45714286,0.44609475
0.45,0.4655894
0.5321429,0.4953603
0.46071428,0.4875902
0.46071428,0.4869336
0.47142857,0.46604252
0.5,0.45759463
0.5214286,0.49110353
0.54285717,0.49130142
0.55714285,0.49195218
0.5,0.48363733
0.53571427,0.49193972
0.55714285,0.50720906
0.53571427,0.5300878
0.5392857,0.5409597
0.5214286,0.5312197
0.49642858,0.5292297
0.55714285,0.5281189
0.4892857,0.52335757
0.5107143,0.5397782
0.5214286,0.5254825
0.5857143,0.51543593
0.58928573,0.52445763
0.51428574,0.51779556
0.525,0.5132678
0.55714285,0.527018
0.53571427,0.55157363
0.54285717,0.5530489
0.60714287,0.5394677
0.5535714,0.53045624
0.56785715,0.5416234
0.66071427,0.5390284
0.6357143,0.536418
0.49285713,0.5645768
0.56785715,0.55394614
0.5964286,0.55941665
0.575,0.5822099
0.56785715,0.59135664
0.5964286,0.566648
0.6571429,0.5690585
0.6464286,0.57542706
0.6142857,0.57074344
0.62857145,0.5650562
0.55714285,0.57860917
0.6357143,0.595512
0.5642857,0.60426843
0.61785716,0.59469676
0.575,0.6057438
0.5857143,0.58798975
0.56964284,0.60617876
0.5535714,0.5910386
0.6571429,0.6013953
0.6142857,0.5879875
0.61785716,0.58069295
0.54285717,0.58246946
0.63214284,0.57441795
0.54642856,0.5944018
0.56785715,0.5962995
0.56785715,0.59453404
0.525,0.5750887
0.61071426,0.586733
0.5321429,0.575364
0.54285717,0.572584
0.5857143,0.56309044
0.5107143,0.54800284
0.54285717,0.5579925
0.5107143,0.5509964
0.6571429,0.54467726
0.63928574,0.5627255
0.5857143,0.54096425
0.57857144,0.54752666
0.5857143,0.53082556
0.55714285,0.57621914
0.625,0.5881785
0.5321429,0.5798596
0.5214286,0.573101
0.5214286,0.56945384
0.5107143,0.56025493
0.51785713,0.57745475
0.5285714,0.5631418
0.49285713,0.5533998
0.475,0.5446467
0.4642857,0.53327376
0.43571427,0.5211129
0.50357145,0.52296966
0.49285713,0.51122236
0.49285713,0.5008694
0.49642858,0.4807983
0.48214287,0.46035272
0.45357144,0.46811837
0.5,0.46914643
0.48214287,0.47958732
0.50714284,0.47785753
0.49642858,0.46834946
0.49642858,0.45377684
0.48214287,0.452798
0.5107143,0.4582489
0.45714286,0.4619279
0.43214285,0.45787388
0.5,0.45965052
0.47142857,0.4504115
0.46785715,0.45195526
0.43214285,0.44252408
0.47857141,0.44738245
0.3607143,0.44629544
0.43571427,0.4503079
0.48214287,0.44426697
0.42857143,0.42925513
0.4,0.42742664
0.44642857,0.3989761
0.46785715,0.39232618
0.3857143,0.39441842
0.43928573,0.38945055
0.39642859,0.3705101
0.39285713,0.37417734
0.43214285,0.38954103
0.39642859,0.38160092
0.36785713,0.38025543
0.42142856,0.3710456
0.42142856,0.3648867
0.34285715,0.37092727
0.37857142,0.36418232
0.36785713,0.3583064
0.35714287,0.3567351
0.39642859,0.359815
0.37857142,0.34441748
0.33571428,0.33972442
0.375,0.34452435
0.41785714,0.3360771
0.32857144,0.33198607
0.37142858,0.32457745
0.33571428,0.31443936
0.36785713,0.31852862
0.37142858,0.3130147
0.35714287,0.30828753
0.34642857,0.3064416
0.32142857,0.2974558
0.30714285,0.29285753
0.32857144,0.29786998
0.39642859,0.2997917
0.33571428,0.3029608
0.34642857,0.29830927
0.3892857,0.2897976
0.3857143,0.2783238
0.27857143,0.28096455
0.3642857,0.28056198
0.35714287,0.27910033
0.31428573,0.2842164
0.31785715,0.29496405
0.32142857,0.2891557
0.31785715,0.29443532
0.30714285,0.29242057
0.3,0.29217827
0.29285714,0.28177366
0.31428573,0.27400005
0.25357142,0.27124137
0.28928572,0.26837355
0.24285714,0.26510227
0.30714285,0.26168358
0.25357142,0.25906563
0.25714287,0.2514188
0.28214285,0.2505941
0.31785715,0.2425569
0.32857144,0.24610156
0.27857143,0.23657593
0.27142859,0.23772115
0.25,0.23483351
0.27142859,0.23224814
0.27142859,0.23887524
0.25357142,0.23882136
0.28214285,0.23933795
0.2642857,0.23833467
0.21785714,0.23212579
0.24285714,0.22675954
0.23214285,0.2196728
0.23214285,0.2142251
0.23214285,0.20968239
0.225,0.21225795
0.2,0.20938928
0.2,0.20346448
0.20357142,0.2005812
0.19285715,0.19507882
0.21785714,0.1940194
0.21428572,0.19632757
0.21428572,0.19663395
0.20357142,0.19808906
0.2,0.1966536
0.20357142,0.19351968
0.20714286,0.19040728
0.20357142,0.19250633
0.21428572,0.19464341
0.21428572,0.19672032
0.19285715,0.19602902
0.20357142,0.1936241
0.17857143,0.1923171
0.20357142,0.19171838
0.17857143,0.19056621
0.19285715,0.19164447
0.19642857,0.19226615
0.17857143,0.19524834
0.18214285,0.1942051
0.17857143,0.19545388
0.18928571,0.19282524
0.19285715,0.19241606
0.19285715,0.19076283
0.20357142,0.19210915
0.19285715,0.1934047
0.21428572,0.19347933
0.19285715,0.19317935
0.19642857,0.19406703
0.20357142,0.19156314
0.19285715,0.19089466
0.19285715,0.19011521
0.20357142,0.1928061
0.2,0.19708142
0.20357142,0.19905674
0.20714286,0.20248824
0.18928571,0.20494838
0.20714286,0.20657939
0.17857143,0.20673347
0.17857143,0.2073369
0.19642857,0.20452063
0.19285715,0.20527643
0.20357142,0.20638272
0.20714286,0.21306393
0.17857143,0.21948373
0.20357142,0.225405
0.18928571,0.2316485
0.18214285,0.2412211
0.20357142,0.25000003
0.20714286,0.25957918
0.2,0.2643357
0.23214285,0.2623849
0.21428572,0.2588609
0.20357142,0.25842986
0.23214285,0.26597607
0.20357142,0.27603948
0.25357142,0.29206258
0.23214285,0.30456936
0.22142857,0.3115037
0.22142857,0.31347504
0.24285714,0.31990388
0.225,0.30916286
0.24285714,0.29749995
0.28214285,0.28452784
0.25357142,0.27183044
0.2607143,0.26756552
0.28214285,0.28274125
0.25357142,0.2918855
0.30357143,0.30770642
0.22857143,0.32595703
0.2642857,0.3296017
0.23928571,0.33623287
0.25357142,0.35244378
0.25357142,0.3425163
0.2642857,0.34109378
0.2642857,0.31824666
0.29642856,0.30800763
0.29285714,0.31624484
0.32142857,0.3360322
0.36785713,0.35738656
0.35714287,0.37449986
0.27857143,0.386586
0.32857144,0.39091712
0.33571428,0.40454888
0.33571428,0.4141031
0.31428573,0.4291997
0.375,0.41836768
0.31785715,0.41269648
0.32857144,0.3848517
0.32857144,0.380116
0.36785713,0.38085347
0.3642857,0.3823058
0.3857143,0.38963723
0.44285715,0.38562506
0.39285713,0.3692789
0.3857143,0.37835914
0.39285713,0.38787645
0.37857142,0.38611966
0.37142858,0.39165413
0.39642859,0.3654499
0.42857143,0.35766065
0.5,0.3502782
0.49285713,0.36083826
0.47142857,0.36802676
0.5,0.37436837
0.46071428,0.38645297
0.46785715,0.41206485
0.49285713,0.43269694
0.49642858,0.4342326
0.42142856,0.44897294
0.47142857,0.44723958
0.5214286,0.43322223
0.54285717,0.43486524
0.525,0.44207162
0.5,0.43717647
0.5107143,0.4518041
0.45,0.4662
0.575,0.48137456
0.45357144,0.49419397
0.50714284,0.49341166
0.575,0.500598
0.50357145,0.48299944
0.50357145,0.51520663
0.5964286,0.47605497
0.55714285,0.48536927
0.6357143,0.51137626
0.5714286,0.5066646
0.5928571,0.50190026
0.61071426,0.53431857
0.575,0.540109
0.58928573,0.5664808
0.6142857,0.56797844
0.525,0.58193976
0.61785716,0.58811355
0.55714285,0.58637
0.60714287,0.5777458
0.625,0.58721656
0.6,0.5735963
0.54285717,0.59337544
0.5535714,0.58072954
0.5535714,0.58866394
0.6357143,0.5947448
0.63928574,0.5924851
0.5928571,0.5832115
0.6142857,0.57949775
0.60714287,0.5728714
0.5857143,0.58306426
0.6357143,0.5855091
0.5964286,0.58596826
0.575,0.5897926
0.6142857,0.60137427
0.6035714,0.5970925
0.5642857,0.60146
0.60714287,0.6015782
0.54642856,0.59132785
0.5857143,0.60131574
0.5392857,0.60243005
0.60714287,0.5860506
0.575,0.5967616
0.61785716,0.5724182
0.63214284,0.5736717
0.6142857,0.57822967
0.5964286,0.5944742
0.56785715,0.5883029
0.5857143,0.59915215
0.54642856,0.5983355
0.5642857,0.60278213
0.5392857,0.6063835
0.6,0.6002013
0.58928573,0.5960102
0.575,0.57874316
0.51785713,0.5698308
0.5107143,0.5512707
0.58928573,0.5679555
0.5392857,0.5747649
0.575,0.5723966
0.5607143,0.55498636
0.5107143,0.5413904
0.50357145,0.55298084
0.53571427,0.56029004
0.55,0.57203305
0.5107143,0.56985265
0.525,0.5536392
0.54285717,0.52430147
0.5,0.53149724
0.50714284,0.5428172
0.525,0.54512775
0.47857141,0.5454993
0.47142857,0.54661644
0.5214286,0.5201172
0.5107143,0.5185779
0.5321429,0.5342118
0.5,0.5346736
0.42857143,0.5217158
0.4857143,0.52159333
0.44285715,0.5183717
0.48214287,0.5181997
0.46071428,0.524896
0.49642858,0.5195527
0.49285713,0.5234731
0.47142857,0.5048354
0.43214285,0.5014233
0.47142857,0.49840236
0.43928573,0.49796838
0.44285715,0.49482012
0.42142856,0.487899
0.48214287,0.46644455
0.47857141,0.4631359
0.43928573,0.44529903
0.41785714,0.4498785
0.47142857,0.45155817
0.45357144,0.45482033
0.44285715,0.4478175
0.42142856,0.43544996
0.5107143,0.42134607
0.35714287,0.42360592
0.3892857,0.42503285
0.40714285,0.4104923
0.39642859,0.39405113
0.45,0.39563864
0.40714285,0.37051684
0.45357144,0.36405092
0.39285713,0.36200625
0.41785714,0.3563435
0.3642857,0.3597257
0.40714285,0.34294593
0.37142858,0.35705292
0.375,0.3469937
0.38214287,0.34933048
0.40357143,0.3307876
0.39285713,0.32567805
0.3892857,0.32042724
0.36785713,0.30813104
0.32857144,0.30621666
0.4107143,0.31601962
0.34642857,0.32243094
0.33571428,0.3249892
0.39642859,0.319777
0.375,0.3081742
0.34285715,0.31120646
0.35714287,0.3025787
0.35714287,0.30192477
0.31428573,0.30868286
0.31428573,0.30938888
0.3392857,0.31162435
0.31785715,0.31656387
0.32857144,0.318363
0.31785715,0.3228897
0.44642857,0.31155592
0.34642857,0.30309224
0.30357143,0.28852737
0.33571428,0.28182864
0.325,0.27265772
0.2857143,0.30012935
0.2607143,0.29006243
0.29285714,0.2876811
0.30714285,0.28817186
0.30714285,0.29351696
0.28928572,0.29456025
0.28214285,0.2872247
0.28214285,0.27625614
0.24285714,0.26503414
0.25,0.25344312
0.2642857,0.25270396
0.24285714,0.2504935
0.23214285,0.2533612
0.25,0.2515264
0.23214285,0.24013257
0.23928571,0.23264185
0.29285714,0.22746137
0.25357142,0.22968751
0.23214285,0.22501767
0.24285714,0.22369146
0.21428572,0.22014034
0.22142857,0.21918052
0.2607143,0.21362016
0.25,0.2168569
0.22142857,0.2185292
0.20714286,0.22196083
0.25714287,0.2190148
0.23214285,0.21311691
0.20714286,0.20693524
0.22857143,0.20596573
0.19285715,0.20370409
0.20357142,0.2044937
0.21428572,0.20230548
0.21428572,0.1992833
0.21428572,0.19716622
0.18928571,0.19626877
0.18214285,0.19539325
0.20357142,0.19584982
0.18928571,0.19658522
0.19642857,0.19388893
0.19642857,0.19466445
0.18928571,0.1962385
0.19642857,0.19496286
0.19285715,0.19417194
0.20714286,0.19468254
0.21785714,0.19284716
0.19285715,0.19398902
0.17857143,0.19420749
0.19285715,0.1947411
0.18928571,0.19223145
0.18214285,0.19093549
0.19285715,0.19083449
0.17857143,0.19376446
0.18928571,0.19370885
0.2,0.19371298
0.20714286,0.19458705
0.20357142,0.19290969
0.19285715,0.19331042
0.19642857,0.19312051
0.19642857,0.19247702
0.18571429,0.19235952
0.17857143,0.19430487
0.2,0.19304511
0.19285715,0.19374469
0.19642857,0.19283049
0.19285715,0.19370605
0.19642857,0.19512191
0.21785714,0.19469184
0.20714286,0.192215
0.19285715,0.19571912
0.20357142,0.1987985
0.19642857,0.20319472
0.21428572,0.20715593
0.24285714,0.20935188
0.24285714,0.21029459
0.20357142,0.2070687
0.25714287,0.20603263
0.25357142,0.20521894
0.2642857,0.21051304
0.23928571,0.21779619
0.24285714,0.22842675
0.31428573,0.23605964
0.24285714,0.24475951
0.2642857,0.2587532
0.27857143,0.26705486
0.29285714,0.27164942
0.3392857,0.2772817
0.29285714,0.2731015
0.31785715,0.27689552
0.36785713,0.29396117
0.3857143,0.30735022
0.34642857,0.33130696
0.36785713,0.33931184
0.3857143,0.35444736
0.32857144,0.3698733
0.36785713,0.38973922
0.44642857,0.39105678
0.4642857,0.39648485
0.42857143,0.3868243
0.42142856,0.36974528
0.48214287,0.37243247
0.45357144,0.41117477
0.39642859,0.455096
0.5107143,0.45797879
0.525,0.49580324
0.51428574,0.509308
0.50714284,0.5130162
0.53571427,0.5202628
0.5535714,0.5317974
0.56785715,0.5356628
0.65,0.51587355
0.525,0.5011528
0.62142855,0.52134424
0.5964286,0.54741627
0.62857145,0.5732595
0.6357143,0.59949917
0.5607143,0.5832907
0.65,0.5902702
0.5714286,0.6085124
0.54285717,0.6175769
0.55714285,0.6260659
0.61785716,0.61103195
0.55,0.6040657
0.54285717,0.5873496
0.525,0.57635516
0.56785715,0.56147224
0.57857144,0.579769
0.55714285,0.5695868
0.625,0.5509722
0.5392857,0.5251359
0.4892857,0.536624
0.5,0.54436094
0.5107143,0.54271156
0.54642856,0.5596848
0.5107143,0.5370344
0.5642857,0.50287324
0.55,0.47819042
0.6,0.49022937
0.5214286,0.50558585
0.5607143,0.50593543
0.50357145,0.51959795
0.60714287,0.5194008
0.57857144,0.54569453
0.5642857,0.5296102
0.47857141,0.5524775
0.50714284,0.5338206
0.5642857,0.54571074
0.5321429,0.54216224
0.5964286,0.55042875
0.5321429,0.5344508
0.6,0.5352539
0.5321429,0.5364996
0.625,0.5319488
0.5214286,0.5487708
0.5107143,0.5562902
0.61071426,0.56590503
0.58214283,0.5608628
0.61071426,0.57316315
0.5857143,0.5488123
0.5964286,0.52781874
0.6035714,0.5651835
0.58928573,0.57655627
0.5964286,0.5891502
0.61071426,0.58614177
0.6142857,0.590755
0.54642856,0.6036005
0.5214286,0.6042794
0.5321429,0.609593
0.49285713,0.6077975
0.46785715,0.6130718
0.48214287,0.5987582
0.44285715,0.57749283
0.42857143,0.57076424
0.40714285,0.5579097
0.41428572,0.5367932
0.36785713,0.52255416
0.43571427,0.48528284
0.50714284,0.47642654
0.3642857,0.4557088
0.39285713,0.45303494
0.35714287,0.44457078
0.44285715,0.42629206
0.4107143,0.4274389
0.37857142,0.4194169
0.37857142,0.4052534
0.525,0.41759038
0.37857142,0.42860723
0.39642859,0.42874205
0.45,0.42074716
0.5,0.41728836
0.39642859,0.45062822
0.4642857,0.45446026
0.44642857,0.4455498
0.47857141,0.44798625
0.5607143,0.4471655
0.43214285,0.44660407
0.4857143,0.45760053
0.49285713,0.4775396
0.5,0.48888528
0.49642858,0.5209665
0.4107143,0.50289446
0.55,0.50088906
0.37857142,0.51645887
0.45357144,0.52204674
0.5107143,0.5284665
0.41785714,0.50045675
0.39642859,0.51616085
0.46785715,0.4761966
0.46071428,0.48084825
0.36785713,0.510313
0.48214287,0.5018158
0.5107143,0.4799959
0.39642859,0.47924387
0.45714286,0.48136055
0.39642859,0.4848063
0.39642859,0.49601668
0.34285715,0.49874103
0.4107143,0.48757535
0.44285715,0.46810555
0.41785714,0.46188092
0.39642859,0.46429807
0.39285713,0.46890694
0.39642859,0.47342962
0.3607143,0.48051214
0.41785714,0.46603358
0.43928573,0.46188217
0.31428573,0.47539514
0.37857142,0.48504108
0.33214286,0.48587376
0.41785714,0.46593875
0.32142857,0.47077513
0.32857144,0.45783514
0.31071427,0.47104836
0.44642857,0.48459667
0.36785713,0.47271013
0.30714285,0.47272366
0.3892857,0.45664304
0.36785713,0.4538092
0.34642857,0.45822173
0.43928573,0.44960928
0.44285715,0.44142443
0.40714285,0.43303394
0.3857143,0.4224251
0.42857143,0.4151895
0.3642857,0.42245036
0.47857141,0.4358704
0.39285713,0.43424165
0.39642859,0.42425007
0.35,0.42312694
0.34642857,0.39453083
0.37142858,0.41658944
0.31428573,0.40555805
0.42142856,0.39080602
0.33214286,0.38460976
0.34285715,0.36679333
0.3607143,0.35088968
0.34285715,0.3465133
0.3392857,0.34690514
0.44642857,0.34187722
0.29285714,0.3300124
0.28214285,0.31596166
0.30714285,0.3064536
0.31785715,0.2971481
0.28214285,0.3088616
0.28214285,0.3121767
0.31785715,0.29576272
0.33571428,0.290586
0.34285715,0.27598262
0.25357142,0.2716437
0.24285714,0.28752208
0.25357142,0.27519476
0.25357142,0.27287376
0.32142857,0.2702706
0.28214285,0.26248473
0.24285714,0.26579362
0.28214285,0.26055264
0.27142859,0.24846801
0.25,0.23982671
0.24285714,0.22916004
0.2607143,0.23527408
0.29642856,0.24106497
0.3,0.2523354
0.35714287,0.25724572
0.35714287,0.2573228
0.30714285,0.244427
0.29285714,0.22688639
0.34285715,0.21846336
0.31785715,0.22228423
0.29642856,0.23640174
0.2607143,0.24678192
0.32142857,0.2584052
0.27857143,0.26696014
0.25357142,0.27909267
0.25,0.28804755
0.25357142,0.28439227
0.28214285,0.2801014
0.24285714,0.26531795
0.27857143,0.25687748
0.2607143,0.2538877
0.2607143,0.23962982
0.24285714,0.23207965
0.27142859,0.22800428
0.2607143,0.2242146
0.2642857,0.2170822
0.27142859,0.2212649
0.27142859,0.23383674
0.21428572,0.24390158
0.22857143,0.24451986
0.23214285,0.23804833
0.23214285,0.23110814
0.25357142,0.22511517
0.24285714,0.22871107
0.23214285,0.22696874
0.22142857,0.22199821
0.2642857,0.21541166
0.22142857,0.20642628
0.20714286,0.20519042
0.20714286,0.20419897
0.23214285,0.20537046
0.21785714,0.20464987
0.18928571,0.20368586
0.20357142,0.1985115
0.2,0.19470698
0.2,0.19210216
0.19642857,0.19162521
0.20714286,0.1977807
0.19285715,0.19902697
0.17857143,0.1933049
0.22142857,0.19328393
0.16785714,0.1959551
0.2,0.19436684
0.20357142,0.19408023
0.2,0.19500065
0.18928571,0.19385755
0.18214285,0.19516592
0.17857143,0.19268134
0.19285715,0.19003817
0.19285715,0.19132134
0.19642857,0.19323783
0.20357142,0.19247195
0.20357142,0.19437946
0.16785714,0.19423987
0.18928571,0.19274335
0.20714286,0.19166443
0.17857143,0.1907376
0.18214285,0.18801646
0.20714286,0.18998897
0.18214285,0.19310205
0.2,0.19265956
0.2,0.19609502
0.22142857,0.1957907
0.18928571,0.19200604
0.20357142,0.19328168
0.20357142,0.19236822
0.20714286,0.1910685
0.22142857,0.19159439
0.20357142,0.19570607
0.19642857,0.19759682
0.21785714,0.20235494
0.23214285,0.2050766
0.25,0.2077933
0.22142857,0.21014465
0.23214285,0.21107966
0.22142857,0.20603874
0.2642857,0.2030156
0.25357142,0.20717075
0.29642856,0.2125759
0.28214285,0.2208941
0.28214285,0.23111796
0.24285714,0.241532
0.28928572,0.25079003
0.25714287,0.2666909
0.30357143,0.27651936
0.29285714,0.28636262
0.33571428,0.29070684
0.33571428,0.29609895
0.34642857,0.29917112
0.34642857,0.30938694
0.38214287,0.32239005
0.375,0.34008074
0.4,0.35057235
0.40714285,0.3669992
0.34642857,0.37594697
0.46071428,0.40334314
0.45357144,0.40966356
0.46071428,0.41969824
0.4892857,0.40669405
0.46071428,0.38751048
0.45,0.41835034
0.5,0.43141365
0.49285713,0.46991122
0.49642858,0.5054132
0.54642856,0.5128743
0.525,0.52465045
0.56785715,0.5438296
0.55,0.55997556
0.5392857,0.5580531
0.6035714,0.5634847
0.61071426,0.548702
0.6142857,0.5486274
0.44642857,0.5575868
0.65,0.5835907
0.675,0.5935581
0.6142857,0.6079314
0.5714286,0.6065937
0.6464286,0.5779361
0.63928574,0.6098366
0.625,0.62726307
0.6,0.62433624
0.575,0.6050069
0.5964286,0.59167486
0.625,0.5872449
0.63928574,0.59394765
0.61785716,0.59229624
0.6464286,0.58927083
0.6964286,0.587574
0.5857143,0.5823115
0.5107143,0.58542335
0.49642858,0.59031117
0.61785716,0.5998285
0.49285713,0.61906326
0.6,0.6025345
0.525,0.5617886
0.53571427,0.5356215
0.61785716,0.5509728
0.63214284,0.5323328
0.60714287,0.5554252
0.5107143,0.542027
0.6464286,0.54073817
0.6035714,0.5487295
0.5214286,0.58302397
0.54285717,0.58675855
0.5714286,0.5673091
0.55,0.5832286
0.6142857,0.57391685
0.6357143,0.5518032
0.55,0.5416549
0.5607143,0.5566843
0.5321429,0.5595928
0.62142855,0.5696053
0.525,0.57690245
0.55,0.58120733
0.53571427,0.577343
0.575,0.56695074
0.55714285,0.5892486
0.575,0.5671667
0.6142857,0.55406123
0.49285713,0.5401493
0.79642856,0.5604237
0.8035714,0.5501644
0.8142857,0.55447936
0.8214286,0.577948
0.8142857,0.5559022
0.79642856,0.63056564
0.8,0.6304233
0.5964286,0.6447451
0.63928574,0.6472408
0.5857143,0.6433195
0.5607143,0.6394821
0.5964286,0.6432701
0.6035714,0.59142
0.63928574,0.6232511
0.62142855,0.6050619
0.62142855,0.59688765
0.5928571,0.5928558
0.61071426,0.5887534
0.5642857,0.60273767
0.61071426,0.60733634
0.575,0.60508287
0.5607143,0.5980601
0.5857143,0.59709305
0.61071426,0.58174574
0.6142857,0.59155285
0.61785716,0.5936448
0.56785715,0.59173864
0.625,0.5850444
0.6142857,0.5951357
0.60714287,0.59045017
0.61785716,0.6091986
0.61071426,0.5981959
0.6035714,0.6056591
0.6892857,0.6003434
0.7107143,0.5956081
0.67142856,0.61413693
0.6035714,0.60639685
0.66071427,0.619243
0.69285715,0.63181186
0.6357143,0.64141726
0.6464286,0.6432062
0.5928571,0.6283575
0.625,0.633821
0.6142857,0.6424505
0.6464286,0.6354508
0.525,0.6280606
0.6357143,0.6094878
0.6035714,0.6022112
0.5607143,0.6070122
0.575,0.6224407
0.61785716,0.59140325
0.6035714,0.6011715
0.64285713,0.6011374
0.5607143,0.58469
0.61071426,0.5957673
0.6035714,0.6014884
0.5607143,0.60630286
0.56785715,0.6033636
0.4857143,0.580548
0.50357145,0.59109783
0.5107143,0.5983253
0.57857144,0.587205
0.61071426,0.5812805
0.5607143,0.5669826
0.47142857,0.5478461
0.50357145,0.5378513
0.51785713,0.56118405
0.55,0.57931983
0.48214287,0.5697825
0.55,0.5459085
0.47142857,0.5341358
0.4107143,0.5277587
0.51785713,0.5494871
0.58214283,0.54388523
0.5392857,0.5496671
0.54642856,0.53452665
0.5857143,0.5109069
0.525,0.5148401
0.5392857,0.5337646
0.5964286,0.5377921
0.50714284,0.5387357
0.575,0.5395719
0.55,0.52697533
0.5535714,0.52720416
0.5321429,0.5456527
0.525,0.5357096
0.5107143,0.54441124
0.56785715,0.5435764
0.5,0.533129
0.48214287,0.5293921
0.43571427,0.5173622
0.5214286,0.51673293
0.5714286,0.5188892
0.425,0.5018406
0.47142857,0.47761518
0.43928573,0.45503908
0.50714284,0.4671967
0.41785714,0.4950409
0.45714286,0.4590193
0.39642859,0.45576417
0.4857143,0.42508215
0.4107143,0.42343903
0.44642857,0.4073975
0.45,0.39686972
0.45,0.3841383
0.34285715,0.39219588
0.3892857,0.3664362
0.3857143,0.3619119
0.44285715,0.3761946
0.3857143,0.37931365
0.39285713,0.36649984
0.36785713,0.3529814
0.34285715,0.34288877
0.37857142,0.3457349
0.3857143,0.33595362
0.33214286,0.33937508
0.37142858,0.33094764
0.34642857,0.3159428
0.32857144,0.3106391
0.325,0.31211424
0.34642857,0.30351698
0.3857143,0.32390827
0.43571427,0.3172235
0.36785713,0.30841863
0.30714285,0.29671836
0.27142859,0.28934342
0.34642857,0.29020107
0.31428573,0.3068576
0.27142859,0.29880872
0.21785714,0.29377165
0.29642856,0.28401303
0.325,0.28078872
0.30714285,0.2784571
0.30714285,0.276301
0.26785713,0.27133042
0.2857143,0.25348428
0.2857143,0.24444969
0.26785713,0.24033445
0.29642856,0.24638993
0.20357142,0.2467973
0.27142859,0.2506062
0.25714287,0.25189295
0.25,0.24754292
0.23214285,0.24126288
0.22142857,0.23602757
0.22142857,0.24063756
0.21428572,0.24233384
0.23214285,0.23976374
0.24285714,0.22744519
0.23214285,0.21502218
0.31071427,0.21103404
0.25714287,0.21073884
0.20714286,0.210857
0.22142857,0.21349448
0.25357142,0.21064407
0.23214285,0.21590155
0.24285714,0.21520096
0.20357142,0.22186288
0.23214285,0.21968684
0.23214285,0.21460366
0.20714286,0.20675111
0.20714286,0.20062989
0.20357142,0.19802229
0.19285715,0.19567119
0.19285715,0.19196416
0.21785714,0.19572979
0.20714286,0.19838426
0.18214285,0.19846882
0.20714286,0.19835338
0.21428572,0.19908305
0.18928571,0.19498956
0.19285715,0.19403544
0.19285715,0.19456634
0.20357142,0.19252186
0.17857143,0.19434659
0.20357142,0.19693077
0.21071428,0.19649546
0.18928571,0.19415452
0.19285715,0.1930919
0.20357142,0.19334474
0.18214285,0.19164878
0.18214285,0.19042031
0.18214285,0.19243427
0.19285715,0.19595079
0.19642857,0.19673142
0.18928571,0.19387701
0.18928571,0.19560352
0.19285715,0.19652891
0.17857143,0.19529761
0.17857143,0.19450316
0.22142857,0.1942558
0.18928571,0.1940275
0.19642857,0.19272408
0.18928571,0.19004533
0.23214285,0.19216502
0.21428572,0.19218676
0.19642857,0.19708629
0.19642857,0.1995646
0.20357142,0.20365334
0.225,0.20624775
0.23214285,0.20786129
0.24285714,0.2118354
0.24285714,0.21129444
0.23214285,0.20930648
0.275,0.20686126
0.22142857,0.20984206
0.28214285,0.21498775
0.25357142,0.2229909
0.28214285,0.23098487
0.2642857,0.243359
0.2857143,0.25745094
0.28214285,0.27234292
0.27142859,0.2804253
0.29642856,0.28945008
0.31071427,0.2858854
0.40714285,0.28737724
0.32857144,0.29282755
0.37857142,0.30458224
0.33571428,0.32085758
0.375,0.34016955
0.3892857,0.3648641
0.39642859,0.37183774
0.375,0.39097506
0.40714285,0.3986833
0.39642859,0.41012257
0.44642857,0.41718584
0.46071428,0.41000473
0.43571427,0.3892628
0.45357144,0.3928107
0.42857143,0.41960514
0.49285713,0.45255846
0.5,0.48403466
0.67142856,0.48781478
0.46071428,0.4997096
0.57857144,0.50804627
0.5214286,0.52799207
0.5107143,0.5389155
0.5607143,0.57272315
0.6,0.5300865
0.5607143,0.5499808
0.58928573,0.54427934
0.61071426,0.5585236
0.625,0.57788014
0.5857143,0.59417886
0.63928574,0.59239054
0.5964286,0.595483
0.6642857,0.60611093
0.47857141,0.60962147
0.54285717,0.6091727
0.49285713,0.5971303
0.6142857,0.59165907
0.67142856,0.5946257
0.5714286,0.55714905
0.56785715,0.5552483
0.55714285,0.54360485
0.55714285,0.5687182
0.6464286,0.5891899
0.6,0.5701795
0.5321429,0.5661813
0.54285717,0.5663607
0.54642856,0.56062734
0.55,0.57574767
0.53571427,0.56882715
0.5107143,0.5421935
0.53571427,0.53331167
0.5321429,0.53154445
0.5214286,0.54464394
0.54642856,0.5392806
0.5928571,0.52828074
0.5214286,0.525038
0.50357145,0.53676134
0.5857143,0.5346673
0.5857143,0.535171
0.56785715,0.5448995
0.5857143,0.5222143
0.5714286,0.49738878
0.5857143,0.5275991
0.6,0.54543
0.61785716,0.5525443
0.5857143,0.555179
0.5964286,0.5598436
0.55714285,0.57248235
0.5,0.5802805
0.61071426,0.6022743
0.61785716,0.5956922
0.55714285,0.59469587
0.5607143,0.5768541
0.5964286,0.5579471
0.5857143,0.5729204
0.55714285,0.5833755
0.61071426,0.584014
0.625,0.5721763
0.5857143,0.5818344
0.5714286,0.58262086
0.54642856,0.5786374
0.5714286,0.59539014
0.625,0.6007905
0.6857143,0.60074663
0.61785716,0.57996273
0.5928571,0.5707152
0.63214284,0.57564455
0.675,0.5940175
0.6357143,0.617946
0.575,0.6112829
0.6035714,0.60602164
0.58214283,0.602825
0.6357143,0.62575126
0.54285717,0.6252068
0.61785716,0.62086844
0.56785715,0.6148688
0.5857143,0.6020219
0.5714286,0.6004808
0.61071426,0.5891768
0.60714287,0.60606986
0.625,0.59865284
0.6571429,0.59728605
0.5321429,0.5894083
0.6142857,0.58965725
0.575,0.59954345
0.60714287,0.6067347
0.67142856,0.6108865
0.60714287,0.5927876
0.7107143,0.5973524
0.65,0.5872096
0.6,0.5939268
0.65,0.6268351
0.6464286,0.6200893
0.62142855,0.63441485
0.55,0.6336796
0.61071426,0.6171259
0.6785714,0.62702036
0.66071427,0.6306039
0.6357143,0.62298334
0.5928571,0.6015882
0.5642857,0.5990803
0.67142856,0.6139585
0.525,0.61329174
0.5857143,0.6178485
0.56785715,0.6137736
0.66071427,0.60274607
0.60714287,0.6094454
0.5535714,0.5891911
0.58214283,0.59150416
0.56785715,0.59407437
0.54642856,0.6050932
0.5607143,0.6008971
0.5214286,0.5839475
0.5535714,0.57812166
0.55714285,0.5743462
0.5214286,0.5778855
0.63928574,0.57494175
0.55,0.5546737
0.5857143,0.5603671
0.5607143,0.55791354
0.5392857,0.5616359
0.63928574,0.59118456
0.55,0.5756227
0.5714286,0.5708746
0.50357145,0.5604665
0.49285713,0.55736405
0.5107143,0.5870397
0.5964286,0.5841907
0.47142857,0.57641965
0.48214287,0.5567528
0.58214283,0.5402909
0.53571427,0.5340883
0.5,0.55244935
0.49285713,0.52873784
0.5392857,0.5184943
0.49642858,0.535268
0.5321429,0.53045374
0.575,0.5091199
0.46785715,0.507743
0.5214286,0.51917297
0.50714284,0.50983447
0.4857143,0.51477414
0.5857143,0.52585894
0.45714286,0.49824214
0.49285713,0.49525368
0.45714286,0.49750715
0.50714284,0.48555017
0.475,0.5122223
0.43571427,0.4799739
0.48214287,0.4767683
0.49285713,0.4620819
0.41785714,0.46736914
0.45714286,0.45800287
0.39285713,0.44067544
0.45714286,0.43248564
0.40714285,0.42546946
0.37142858,0.4083026
0.425,0.4107365
0.43571427,0.37543732
0.39285713,0.3816672
0.3857143,0.3697725
0.4,0.35084042
0.3857143,0.34468997
0.36785713,0.3610813
0.34642857,0.3532212
0.3607143,0.34943515
0.40357143,0.34089458
0.38214287,0.3264188
0.40714285,0.32066798
0.37857142,0.3092258
0.39642859,0.31090862
0.34285715,0.30546013
0.32142857,0.3095554
0.36785713,0.3130195
0.3892857,0.319309
0.39285713,0.3299653
0.35714287,0.33627436
0.33571428,0.31942737
0.33571428,0.31318265
0.32142857,0.31053358
0.3392857,0.30631372
0.33571428,0.30221635
0.30714285,0.2972067
0.31785715,0.28960568
0.30714285,0.27970746
0.32142857,0.2776061
0.27142859,0.27296156
0.2857143,0.2753994
0.29642856,0.27972618
0.30714285,0.2754168
0.30714285,0.27359295
0.2642857,0.2619924
0.25714287,0.25616747
0.25714287,0.2521898
0.24285714,0.24801286
0.27142859,0.24904813
0.27142859,0.24726148
0.27857143,0.24435496
0.25,0.24376714
0.28214285,0.24415913
0.24285714,0.2422766
0.25714287,0.23239914
0.22857143,0.22666165
0.24285714,0.22967964
